nom_dpt,Taux d'hosp.,hosp_2020-08-01,hosp_2020-08-02,hosp_2020-08-03,hosp_2020-08-04,hosp_2020-08-05,hosp_2020-08-06,hosp_2020-08-07,hosp_2020-08-08,hosp_2020-08-09,hosp_2020-08-10,hosp_2020-08-11,hosp_2020-08-12,hosp_2020-08-13,hosp_2020-08-14,hosp_2020-08-15,hosp_2020-08-16,hosp_2020-08-17,hosp_2020-08-18,hosp_2020-08-19,hosp_2020-08-20,hosp_2020-08-21,hosp_2020-08-22,hosp_2020-08-23,hosp_2020-08-24,hosp_2020-08-25,hosp_2020-08-26,hosp_2020-08-27,hosp_2020-08-28,hosp_2020-08-29,hosp_2020-08-30,hosp_2020-08-31,hosp_2020-09-01,hosp_2020-09-02,hosp_2020-09-03,hosp_2020-09-04,hosp_2020-09-05,hosp_2020-09-06,hosp_2020-09-07,hosp_2020-09-08,hosp_2020-09-09,hosp_2020-09-10,hosp_2020-09-11,hosp_2020-09-12,hosp_2020-09-13,hosp_2020-09-14,hosp_2020-09-15,hosp_2020-09-16,hosp_2020-09-17,hosp_2020-09-18,hosp_2020-09-19,hosp_2020-09-20,hosp_2020-09-21,hosp_2020-09-22,hosp_2020-09-23,hosp_2020-09-24,hosp_2020-09-25,hosp_2020-09-26,hosp_2020-09-27,hosp_2020-09-28,hosp_2020-09-29,hosp_2020-09-30,hosp_2020-10-01,hosp_2020-10-02,hosp_2020-10-03,hosp_2020-10-04,hosp_2020-10-05,hosp_2020-10-06,hosp_2020-10-07,hosp_2020-10-08,hosp_2020-10-09,hosp_2020-10-10,hosp_2020-10-11,hosp_2020-10-12,hosp_2020-10-13,hosp_2020-10-14,hosp_2020-10-15,hosp_2020-10-16,hosp_2020-10-17,hosp_2020-10-18,hosp_2020-10-19,hosp_2020-10-20,hosp_2020-10-21,hosp_2020-10-22,hosp_2020-10-23,hosp_2020-10-24,hosp_2020-10-25,hosp_2020-10-26,hosp_2020-10-27,hosp_2020-10-28,hosp_2020-10-29,hosp_2020-10-30,hosp_2020-10-31,hosp_2020-11-01,hosp_2020-11-02,hosp_2020-11-03,hosp_2020-11-04,hosp_2020-11-05,hosp_2020-11-06,hosp_2020-11-07,hosp_2020-11-08,hosp_2020-11-09,hosp_2020-11-10,hosp_2020-11-11,hosp_2020-11-12,hosp_2020-11-13,hosp_2020-11-14,hosp_2020-11-15,Taux de réa.,rea_2020-08-01,rea_2020-08-02,rea_2020-08-03,rea_2020-08-04,rea_2020-08-05,rea_2020-08-06,rea_2020-08-07,rea_2020-08-08,rea_2020-08-09,rea_2020-08-10,rea_2020-08-11,rea_2020-08-12,rea_2020-08-13,rea_2020-08-14,rea_2020-08-15,rea_2020-08-16,rea_2020-08-17,rea_2020-08-18,rea_2020-08-19,rea_2020-08-20,rea_2020-08-21,rea_2020-08-22,rea_2020-08-23,rea_2020-08-24,rea_2020-08-25,rea_2020-08-26,rea_2020-08-27,rea_2020-08-28,rea_2020-08-29,rea_2020-08-30,rea_2020-08-31,rea_2020-09-01,rea_2020-09-02,rea_2020-09-03,rea_2020-09-04,rea_2020-09-05,rea_2020-09-06,rea_2020-09-07,rea_2020-09-08,rea_2020-09-09,rea_2020-09-10,rea_2020-09-11,rea_2020-09-12,rea_2020-09-13,rea_2020-09-14,rea_2020-09-15,rea_2020-09-16,rea_2020-09-17,rea_2020-09-18,rea_2020-09-19,rea_2020-09-20,rea_2020-09-21,rea_2020-09-22,rea_2020-09-23,rea_2020-09-24,rea_2020-09-25,rea_2020-09-26,rea_2020-09-27,rea_2020-09-28,rea_2020-09-29,rea_2020-09-30,rea_2020-10-01,rea_2020-10-02,rea_2020-10-03,rea_2020-10-04,rea_2020-10-05,rea_2020-10-06,rea_2020-10-07,rea_2020-10-08,rea_2020-10-09,rea_2020-10-10,rea_2020-10-11,rea_2020-10-12,rea_2020-10-13,rea_2020-10-14,rea_2020-10-15,rea_2020-10-16,rea_2020-10-17,rea_2020-10-18,rea_2020-10-19,rea_2020-10-20,rea_2020-10-21,rea_2020-10-22,rea_2020-10-23,rea_2020-10-24,rea_2020-10-25,rea_2020-10-26,rea_2020-10-27,rea_2020-10-28,rea_2020-10-29,rea_2020-10-30,rea_2020-10-31,rea_2020-11-01,rea_2020-11-02,rea_2020-11-03,rea_2020-11-04,rea_2020-11-05,rea_2020-11-06,rea_2020-11-07,rea_2020-11-08,rea_2020-11-09,rea_2020-11-10,rea_2020-11-11,rea_2020-11-12,rea_2020-11-13,rea_2020-11-14,rea_2020-11-15
Ain,63.26041445432203,29,29,28,27,27,27,27,27,27,28,28,28,28,28,28,28,28,27,27,25,25,25,25,25,27,26,28,29,29,29,29,27,28,27,28,27,27,27,30,29,29,29,30,30,30,34,34,33,33,33,33,31,31,32,41,42,42,42,45,43,40,29,28,31,33,32,34,32,40,40,42,44,46,45,44,45,52,61,63,95,106,112,137,163,171,169,210,214,232,242,262,269,279,298,332,359,373,403,380,385,394,410,425,442,435,416,417,153.5,1,1,1,1,1,1,1,1,1,1,1,1,1,1,1,1,1,1,1,1,1,1,1,1,2,2,2,2,2,2,2,2,2,2,2,2,2,2,1,1,1,1,1,1,1,1,1,1,1,1,1,2,2,2,2,5,5,5,5,5,5,5,6,7,7,7,7,6,9,9,10,10,7,8,8,8,7,7,7,9,10,11,11,12,14,14,20,18,18,19,26,30,30,29,30,36,39,37,34,34,33,35,37,35,30,27,27
Aisne,46.65826208037297,46,47,45,45,47,47,46,48,48,49,52,54,55,54,59,59,60,54,52,51,45,45,45,44,42,43,40,39,40,40,38,38,38,36,35,36,38,38,40,43,42,39,39,39,40,42,42,42,41,43,44,49,49,48,45,44,41,43,51,51,50,48,50,50,50,51,46,51,50,51,49,53,52,52,60,65,70,65,80,82,87,87,108,115,118,117,133,131,142,137,146,148,159,175,181,189,196,207,206,216,227,224,232,238,255,252,255,116.7,4,5,5,5,5,6,5,8,8,8,9,9,8,6,7,7,7,3,4,4,3,3,3,3,2,2,1,1,1,1,1,1,1,1,1,1,1,1,2,2,2,2,2,2,2,3,3,2,1,2,2,2,1,1,1,1,3,3,5,4,4,4,4,4,4,4,5,5,5,5,6,6,5,4,6,7,10,10,12,11,12,9,13,12,11,12,13,13,17,17,20,20,21,26,29,29,31,30,30,33,33,32,31,31,35,35,35
Allier,72.32699871770859,2,2,2,2,2,2,2,2,2,1,1,1,1,1,1,1,1,1,1,1,1,1,1,1,3,5,5,3,3,3,3,3,3,3,2,3,3,3,2,5,6,8,8,10,11,11,12,14,15,15,14,23,21,21,24,23,23,25,24,24,24,26,20,18,17,20,19,20,22,22,24,30,33,42,51,61,67,76,81,86,92,97,100,117,139,143,151,160,155,170,178,191,210,215,232,240,250,226,231,233,255,254,246,249,247,239,251,153.5,0,0,0,0,0,0,0,0,0,0,0,0,0,0,0,0,0,0,0,0,0,0,0,0,0,0,0,0,0,0,0,0,0,0,0,0,0,0,0,0,1,1,1,2,1,1,1,1,1,2,2,2,2,2,4,3,2,2,2,2,1,1,2,2,2,2,2,2,2,2,2,2,1,3,4,5,8,8,7,7,7,7,7,6,4,4,6,10,11,15,16,17,15,15,21,21,20,21,22,22,27,24,22,25,26,27,27
Alpes-de-Haute-Provence,76.61196928394533,2,2,2,2,2,2,2,2,2,2,2,3,3,3,3,3,3,3,3,3,3,4,4,4,6,6,4,4,7,7,8,9,9,9,7,6,7,4,5,3,4,2,2,2,2,3,4,3,3,3,3,3,4,7,7,8,10,11,10,8,9,10,10,9,9,9,9,11,11,10,10,10,14,15,14,17,17,18,21,21,19,21,28,27,34,32,41,44,51,57,70,66,67,71,80,89,89,100,103,104,102,117,120,121,123,128,129,107.6,0,0,0,0,0,0,0,0,0,0,0,0,0,0,0,0,0,0,0,0,0,1,1,1,1,1,1,1,1,1,1,1,1,0,0,0,0,0,0,0,0,0,0,0,0,0,0,0,0,0,0,0,0,0,1,1,0,0,0,0,0,0,0,0,0,0,0,1,0,0,2,2,3,3,3,4,4,5,5,5,5,5,4,4,4,2,4,2,5,5,10,10,11,10,10,9,9,9,12,12,11,13,13,13,12,11,11
Alpes-Maritimes,41.27577685932341,32,33,35,38,43,46,50,51,51,53,52,49,63,65,63,64,65,68,69,70,72,70,69,67,71,80,74,72,72,71,67,67,82,84,78,82,84,91,98,98,93,92,98,99,106,106,111,120,132,146,147,144,138,143,145,138,123,120,117,121,115,119,126,126,127,127,119,113,114,120,120,121,138,136,146,156,167,181,183,197,193,200,211,221,228,231,216,247,256,260,262,280,290,282,314,343,361,376,393,409,413,406,399,419,431,457,453,107.6,5,5,5,5,4,5,7,7,7,5,5,5,4,2,2,2,2,1,1,3,3,3,4,7,8,7,7,7,5,5,7,4,7,8,9,9,10,11,11,15,15,15,15,13,13,10,11,11,16,17,17,15,14,14,13,12,14,14,16,16,16,16,15,16,17,19,15,16,18,19,18,18,20,21,21,26,28,30,29,34,37,34,33,39,40,41,44,44,49,48,49,53,54,50,53,64,66,62,63,64,73,74,71,75,76,78,77
Ardèche,75.2940051630175,1,1,1,1,2,2,2,2,2,2,9,9,9,9,9,9,10,12,12,14,15,14,14,12,12,12,15,15,12,12,12,12,12,12,12,12,12,13,11,11,13,14,16,16,16,17,18,9,8,8,8,11,12,14,13,11,9,9,9,7,7,8,8,8,8,10,10,11,11,12,12,15,18,21,28,33,40,41,48,61,71,76,75,77,93,105,114,118,122,136,134,150,161,174,195,200,204,210,210,216,227,241,247,258,254,242,252,153.5,1,1,1,1,1,1,1,1,1,1,1,1,1,1,1,1,1,1,1,1,1,1,1,1,1,1,1,1,1,1,1,1,1,1,1,1,1,1,1,1,1,1,1,1,1,1,2,2,2,2,2,3,4,5,4,4,4,4,4,4,4,4,4,4,4,4,5,5,4,5,5,5,5,7,6,5,7,8,6,6,7,7,7,7,7,9,10,9,9,10,11,11,11,14,16,17,17,16,17,17,19,16,18,18,17,18,18
Ardennes,46.42326591246715,5,5,3,2,3,3,2,2,2,1,1,1,1,2,2,2,2,2,3,4,4,4,1,1,2,2,2,2,2,2,3,3,3,2,3,3,3,3,4,4,4,6,6,5,5,10,10,11,8,8,8,7,9,9,8,8,7,7,10,11,10,8,8,11,10,10,11,12,12,12,12,15,15,13,13,14,16,15,18,22,23,28,28,29,32,34,33,28,28,40,45,45,54,54,57,76,74,72,80,81,79,82,78,84,118,121,130,73.5,0,0,0,0,0,0,0,0,0,0,0,0,0,0,0,0,0,0,0,0,0,0,0,0,0,0,0,0,0,0,0,0,0,0,0,0,0,0,0,0,0,0,0,0,0,1,1,1,1,1,1,1,1,1,2,3,2,2,2,2,2,2,2,1,1,1,1,2,2,2,2,3,3,3,4,5,5,4,5,6,6,7,7,8,7,8,8,7,7,8,8,8,12,12,13,12,13,13,13,13,13,13,10,12,14,15,15
Ariège,31.80459258316901,0,0,0,0,0,0,0,0,0,0,0,0,0,0,0,0,0,0,1,1,0,0,0,0,0,0,0,1,1,1,1,1,1,1,1,1,1,1,1,1,3,4,4,4,5,5,5,5,5,5,5,5,5,6,6,7,7,7,8,6,6,7,7,8,9,9,10,9,9,10,9,9,13,14,15,15,18,20,19,20,20,22,21,23,24,23,19,19,21,18,21,20,20,24,27,31,39,41,39,42,44,45,49,53,52,50,50,84,0,0,0,0,0,0,0,0,0,0,0,0,0,0,0,0,0,0,0,0,0,0,0,0,0,0,0,1,1,1,1,1,1,1,1,1,1,1,1,1,0,0,0,0,1,1,1,1,1,1,1,3,3,3,3,3,3,3,3,4,4,4,4,3,4,4,4,4,4,6,5,5,5,5,6,6,7,8,8,8,8,7,6,6,6,6,6,5,6,5,6,6,7,7,7,7,7,7,7,7,6,6,5,6,7,6,6
Aube,43.832264330627716,22,22,22,21,21,21,21,22,21,21,22,22,22,23,22,22,21,24,23,23,23,24,23,23,23,21,21,21,19,19,16,14,14,14,11,11,11,12,14,16,16,12,12,12,10,10,11,12,15,18,18,19,19,21,23,23,23,23,21,21,21,21,21,21,21,22,20,20,21,20,20,17,15,19,18,27,27,28,28,32,45,53,57,59,58,61,61,74,81,81,98,97,99,93,88,101,107,106,103,108,112,120,120,125,126,129,139,73.5,0,0,0,0,0,0,0,0,0,0,0,0,0,0,0,0,0,0,0,0,0,0,0,0,0,0,0,0,0,0,0,0,0,0,0,0,0,0,0,0,0,0,0,0,0,0,0,0,1,1,1,1,2,2,3,3,3,3,3,3,4,4,4,4,4,5,5,5,4,4,3,3,3,3,3,3,2,2,2,2,3,4,5,5,3,3,3,6,7,7,9,8,8,8,9,9,11,10,11,11,13,11,12,12,13,14,15
Aude,28.488976348873894,4,4,3,3,3,3,3,3,3,3,3,4,4,4,4,4,4,4,4,4,4,5,5,6,6,6,5,5,4,4,4,6,7,7,8,9,9,7,7,6,5,4,5,5,3,3,4,4,3,6,9,9,10,12,12,11,10,10,9,10,7,6,7,6,8,6,7,8,8,11,12,12,12,12,12,15,16,17,20,23,28,29,30,30,32,43,44,48,44,51,52,54,58,61,63,69,69,80,81,83,87,86,89,96,94,99,108,84,1,1,1,1,1,1,1,1,1,1,1,1,1,1,1,1,1,1,1,1,0,0,0,1,1,1,1,1,1,1,1,1,1,1,1,2,2,1,1,1,1,1,1,1,0,0,0,0,0,0,0,1,1,2,3,3,2,2,2,1,1,1,2,2,2,2,3,2,2,3,4,4,4,4,5,5,4,4,4,4,4,4,5,3,2,4,4,3,3,3,3,4,6,5,5,8,9,9,8,7,7,8,9,9,9,8,10
Aveyron,49.7429945282706,6,6,6,6,3,4,4,4,4,4,4,4,4,4,4,4,3,2,2,2,3,4,4,3,3,3,3,3,3,3,5,5,7,7,6,5,6,6,7,6,8,8,8,8,12,12,12,13,16,16,16,18,15,13,13,13,13,13,14,14,14,16,18,16,16,17,14,17,20,20,22,21,25,28,32,30,34,31,31,34,34,38,43,47,45,63,71,73,78,75,82,93,99,104,107,109,114,109,109,110,115,131,132,138,136,149,144,84,1,1,1,1,1,1,1,1,1,1,0,0,0,0,0,0,0,0,0,0,0,0,0,1,1,1,1,1,0,0,0,0,0,0,0,0,0,0,0,0,0,0,0,0,1,1,2,2,3,3,3,4,4,3,2,2,3,3,4,4,4,4,4,5,5,5,3,3,4,3,3,2,2,2,3,3,3,3,3,3,2,4,4,4,5,5,5,6,6,5,7,8,9,7,7,8,9,12,11,11,11,11,11,13,10,9,10
Bas-Rhin,44.502418285938546,163,163,162,160,160,136,135,132,132,131,131,133,136,136,136,136,135,133,135,132,124,123,123,124,111,107,103,99,94,94,94,93,88,85,88,79,79,78,58,51,52,48,48,48,48,50,57,60,56,58,58,55,70,66,41,47,45,45,46,49,44,41,34,35,39,39,47,50,41,48,43,44,47,51,56,68,69,77,80,78,95,100,115,125,155,164,184,184,206,216,243,262,290,339,356,378,404,435,425,447,474,474,468,491,495,498,508,73.5,2,2,3,3,3,3,3,3,3,3,3,3,3,3,3,3,3,3,3,3,3,3,3,4,5,3,3,4,4,4,5,5,6,6,7,7,7,4,5,7,7,7,7,7,7,9,11,11,11,11,11,11,11,10,11,15,15,15,14,14,13,13,12,12,11,12,13,14,11,12,11,12,14,11,11,14,13,13,12,12,10,11,12,16,18,21,23,24,23,24,28,28,36,37,41,43,43,55,53,52,59,66,75,72,74,79,84
Bouches-du-Rhône,76.83655975287331,285,285,289,278,280,279,285,283,282,283,276,207,208,203,205,206,215,201,211,206,215,214,216,212,192,193,198,203,211,211,252,238,259,269,282,299,303,348,346,353,349,378,377,374,405,419,429,432,447,447,451,505,515,499,493,508,503,504,503,502,498,478,499,512,540,562,554,539,540,544,545,567,572,576,579,603,632,655,677,764,809,854,971,1010,1048,1096,1184,1220,1236,1256,1305,1313,1378,1423,1440,1486,1506,1507,1558,1610,1649,1639,1632,1649,1622,1550,1574,107.6,11,11,11,10,10,10,8,8,8,8,9,10,9,8,9,9,9,10,14,13,15,16,17,20,23,24,27,26,27,27,33,41,47,50,48,52,52,63,71,77,81,90,98,99,108,108,104,101,102,105,103,122,118,113,121,125,128,126,120,122,124,114,118,122,125,133,135,136,138,138,135,135,142,146,143,145,143,149,156,167,165,166,178,179,180,187,194,194,194,200,212,212,217,230,245,254,253,274,286,300,303,298,304,301,303,287,290
Calvados,39.246467817896395,15,15,15,15,12,12,12,12,12,15,15,14,14,11,12,12,12,10,9,11,11,6,6,6,5,2,1,1,1,1,1,1,1,1,2,2,2,1,4,6,7,12,14,14,15,13,14,17,20,23,25,28,29,31,32,32,31,31,31,26,24,26,25,31,36,36,35,36,41,43,44,48,53,61,63,66,67,73,78,84,92,100,97,114,114,112,115,141,143,156,159,177,188,202,219,228,235,235,233,240,256,258,273,282,285,271,278,67.1,1,1,1,1,1,1,1,1,1,1,2,1,1,1,1,1,1,0,0,0,0,0,0,0,0,0,0,0,0,0,0,0,0,0,0,0,0,0,2,3,2,3,3,3,2,2,2,2,4,5,5,5,4,5,5,6,7,7,6,9,9,8,10,11,13,12,9,9,13,12,15,16,16,17,18,18,16,19,19,21,23,27,25,27,28,26,29,32,35,36,38,41,42,44,44,46,47,47,49,51,52,49,49,47,44,44,45
Cantal,33.95811832073776,6,6,6,6,6,5,5,5,5,5,4,3,2,2,2,2,2,2,2,2,2,2,2,2,2,2,2,2,2,2,3,3,3,3,7,7,7,6,8,8,8,11,11,10,11,9,9,12,14,12,12,12,12,11,10,10,15,15,15,13,13,15,14,10,10,17,18,26,28,30,29,30,36,37,41,41,38,39,42,42,36,37,39,42,45,46,54,52,50,51,50,50,50,51,52,56,59,60,63,63,63,56,58,50,51,51,51,153.5,1,1,1,1,1,1,1,1,1,1,0,0,0,0,0,0,0,0,0,0,0,0,0,0,0,0,0,0,0,0,1,1,1,1,4,4,4,2,2,2,2,2,2,2,0,0,0,0,0,0,0,0,0,0,0,0,0,0,1,0,0,0,0,0,0,1,1,1,1,1,2,3,3,3,4,4,4,4,4,5,4,4,4,5,6,6,6,6,8,7,10,10,10,10,8,9,11,11,14,14,15,12,12,14,15,15,14
Charente,14.382957301978486,3,1,1,1,1,1,1,1,1,1,1,1,1,1,1,1,1,1,1,1,1,1,1,1,1,1,1,1,1,1,1,1,1,1,1,1,1,1,1,1,1,1,3,3,3,3,3,2,2,2,2,1,2,3,3,3,4,4,5,5,4,4,4,4,4,4,4,2,2,2,2,2,6,6,4,4,4,5,6,9,6,5,5,7,8,8,8,10,11,14,14,16,19,19,23,20,20,22,24,28,36,44,47,53,52,52,52,62.6,0,0,0,0,0,0,0,0,0,0,0,0,0,0,0,0,0,0,0,0,0,0,0,0,0,0,0,0,0,0,0,0,0,0,0,0,0,0,0,0,0,0,0,0,0,0,0,0,0,0,0,0,0,0,0,0,0,0,0,0,1,1,1,1,2,2,2,2,2,2,2,2,1,2,2,2,2,2,2,2,2,2,2,1,1,1,2,3,3,6,6,6,6,6,5,4,5,6,7,8,11,10,10,11,11,11,10
Charente-Maritime,15.455294802172226,5,5,5,5,7,7,7,7,7,7,7,7,7,7,7,7,7,7,7,7,5,5,5,5,3,3,3,3,3,4,4,4,4,4,6,5,5,5,5,5,5,5,5,5,5,6,11,10,10,10,11,11,13,12,14,15,20,20,21,21,22,22,22,21,33,34,35,31,30,29,27,27,27,18,28,29,29,29,31,33,40,48,50,56,60,60,68,77,78,76,78,87,90,99,104,108,109,112,111,114,119,118,121,122,97,97,102,62.6,0,0,0,0,1,1,1,1,1,1,1,1,1,1,1,1,1,1,1,1,1,1,1,1,1,1,1,1,1,1,1,1,1,1,1,1,1,1,1,1,1,1,1,1,1,1,3,3,3,3,3,3,3,3,4,4,3,3,3,3,3,3,3,1,6,5,5,4,5,5,5,5,5,4,4,4,4,4,4,5,5,7,7,9,8,8,8,8,8,7,7,10,11,14,15,17,17,20,19,19,19,17,18,17,18,18,18
Cher,62.60916469742114,7,7,7,6,6,5,5,5,6,6,6,4,2,2,2,2,2,2,2,1,1,1,1,1,1,1,0,0,0,0,0,0,0,1,1,1,3,9,18,18,18,19,20,21,21,19,18,17,17,18,18,18,18,21,22,20,19,19,20,20,18,17,19,20,22,22,25,25,25,24,21,21,21,21,21,28,29,32,38,43,52,59,68,70,74,78,82,87,96,94,101,105,115,120,131,142,139,148,158,159,173,177,184,188,179,186,195,91.7,0,0,0,0,0,0,0,0,0,0,0,0,0,0,0,0,0,0,0,0,0,0,0,0,0,0,0,0,0,0,0,0,0,0,0,0,0,0,0,0,0,0,1,1,1,1,1,1,1,1,1,1,1,1,1,1,1,1,1,1,1,1,3,2,2,2,2,2,2,2,2,2,3,3,3,3,4,4,4,4,4,5,6,7,7,7,7,6,8,8,8,8,9,7,7,7,7,9,10,11,11,12,12,12,13,13,12
Corrèze,30.104160394966584,1,1,1,1,1,1,2,2,2,3,3,4,2,2,2,2,2,2,2,2,2,3,3,3,3,3,3,3,3,3,3,2,2,2,3,4,4,4,5,5,5,7,8,8,10,9,9,9,8,8,10,11,9,10,9,7,8,9,10,9,8,9,8,7,8,8,9,10,13,13,12,14,15,19,20,19,17,16,18,18,24,23,23,24,27,32,35,41,40,43,53,64,66,69,67,71,77,72,77,79,86,76,76,74,73,74,75,62.6,0,0,0,0,0,0,0,0,0,0,0,0,0,0,0,0,0,0,0,0,0,0,0,0,0,0,0,0,0,0,0,0,0,0,0,1,1,1,1,1,1,1,2,2,3,3,3,2,2,2,2,2,2,2,2,1,1,1,1,1,0,1,1,1,1,0,1,1,3,3,3,3,3,3,3,3,3,3,3,4,5,5,4,5,5,7,7,8,8,8,7,7,10,10,12,11,10,10,9,8,8,8,6,7,7,8,8
Corse-du-Sud,29.4176556006209,7,7,7,7,7,7,7,7,7,4,4,4,4,4,4,4,4,4,4,4,4,4,4,4,4,4,4,4,4,4,4,4,4,4,4,4,4,4,3,3,4,6,6,6,4,5,6,7,6,7,7,14,15,15,15,16,12,12,11,12,12,11,10,9,10,9,8,9,9,11,11,11,12,11,9,10,12,13,14,15,16,17,20,21,18,23,27,30,38,38,36,36,36,44,51,55,57,57,57,54,57,49,49,50,50,49,47,88.9,0,0,0,0,0,0,0,0,0,0,0,0,0,0,0,0,0,0,0,0,0,0,0,0,0,0,0,0,0,0,0,0,0,0,0,0,0,0,0,0,0,1,1,1,1,1,1,1,1,2,2,3,3,3,2,2,1,1,1,1,2,3,3,2,3,3,3,3,2,3,3,3,3,2,2,1,2,3,4,4,4,4,5,5,5,8,6,6,9,10,9,9,8,9,10,9,10,10,10,9,10,9,9,9,8,8,10
Côte-d'Or,67.97386578917475,3,3,3,3,2,2,2,2,2,2,2,2,2,2,2,2,3,3,2,3,3,3,3,4,4,2,4,4,4,4,4,5,7,8,9,9,9,8,8,7,7,6,6,6,6,7,7,12,11,11,11,13,13,20,20,22,27,27,26,28,31,30,32,32,32,35,35,31,31,28,35,35,38,48,49,52,55,58,58,59,69,75,79,76,85,95,113,114,122,134,163,162,158,178,200,249,274,285,292,302,307,328,355,361,366,361,371,119.7,0,0,0,0,0,0,0,0,0,0,0,0,0,0,0,0,0,0,0,1,1,1,1,1,1,1,1,1,1,1,1,1,1,2,2,2,2,2,2,2,3,3,3,3,3,3,3,3,3,3,3,3,3,4,4,4,5,5,5,7,11,11,11,11,11,11,9,9,7,6,6,6,6,11,12,12,15,16,16,14,14,14,16,17,19,19,28,26,26,23,34,36,33,43,39,43,57,61,60,63,62,68,69,66,64,61,64
Côtes-d'Armor,13.125762631115837,3,3,2,2,2,2,2,2,2,3,4,7,7,6,6,6,6,5,5,5,5,6,6,6,6,6,6,5,6,6,6,6,7,3,3,3,3,3,3,3,3,5,5,5,7,7,8,7,6,8,9,10,12,10,13,15,14,16,16,18,18,15,14,16,15,15,14,14,12,13,13,13,15,17,17,19,18,18,26,28,27,25,28,30,36,37,40,42,44,41,45,53,56,58,64,69,71,73,78,79,86,83,84,87,91,80,81,70.4,0,0,0,0,0,0,0,0,0,0,0,0,0,0,0,0,0,0,0,0,0,0,0,0,0,0,0,0,0,0,0,0,0,0,0,0,0,0,0,0,0,0,0,0,0,0,0,0,0,0,0,0,2,2,2,2,2,3,3,3,3,3,3,4,4,5,5,4,4,4,4,4,4,2,2,2,2,2,2,2,2,3,3,3,3,3,4,7,9,9,12,11,10,9,8,7,7,5,8,8,9,11,11,11,13,13,13
Creuse,82.6967322509068,1,1,1,1,1,1,1,1,1,2,1,1,2,2,2,2,3,3,2,2,2,2,2,2,1,1,1,1,1,1,0,0,0,0,0,0,0,0,2,2,2,2,2,2,2,0,0,0,0,0,0,0,0,0,0,0,0,0,0,3,4,3,4,4,5,5,3,4,3,3,3,3,3,4,4,5,8,13,13,15,15,15,17,18,21,22,26,30,34,39,42,43,44,42,41,53,64,62,70,77,74,74,84,87,88,98,101,62.6,1,1,1,1,1,1,1,1,1,1,1,1,2,2,2,2,2,2,2,2,2,2,2,2,1,1,1,1,1,1,0,0,0,0,0,0,0,0,0,0,0,0,0,0,0,0,0,0,0,0,0,0,0,0,0,0,0,0,0,1,2,2,3,3,3,3,2,2,2,2,2,2,2,2,2,2,4,3,3,4,4,5,5,4,4,4,4,7,8,11,13,10,10,10,14,14,15,13,13,13,14,13,15,15,15,11,11
Deux-Sèvres,21.067470525048183,1,1,1,1,1,1,1,1,1,1,2,2,2,1,1,1,2,1,0,0,0,0,0,1,0,0,0,0,1,1,1,1,0,0,0,0,0,0,0,0,0,1,1,1,1,1,1,1,3,4,3,3,3,3,3,5,7,7,7,8,9,7,7,8,8,8,8,9,12,10,12,10,10,6,6,5,5,5,6,6,7,9,13,18,22,27,30,32,35,37,40,50,55,55,50,58,57,61,69,75,71,72,74,76,79,76,81,62.6,0,0,0,0,0,0,0,0,0,0,0,0,0,0,0,0,0,0,0,0,0,0,0,0,0,0,0,0,0,0,0,0,0,0,0,0,0,0,0,0,0,0,0,0,0,0,0,0,0,0,0,0,0,0,1,1,1,1,1,1,1,1,0,1,1,1,1,1,1,1,1,1,1,1,1,1,1,1,1,1,1,1,1,1,1,1,1,1,1,2,2,3,3,4,6,6,7,7,8,8,8,7,8,9,8,9,8
Dordogne,23.57962249024393,1,1,1,1,1,1,1,1,1,1,1,1,1,1,1,1,1,1,1,1,1,1,1,1,1,1,1,4,4,4,4,5,4,4,4,4,4,4,4,4,4,4,4,4,4,4,4,4,5,10,10,14,13,15,16,16,15,12,14,14,14,14,15,16,18,18,18,18,15,14,15,15,17,18,19,20,20,21,21,23,23,23,27,33,40,42,37,41,44,50,53,54,55,70,68,71,71,75,80,91,100,101,110,111,104,101,100,62.6,0,0,0,0,0,0,0,0,0,0,0,0,0,0,0,0,0,0,0,0,0,0,0,0,0,0,0,0,0,0,0,1,1,1,1,1,1,1,1,1,1,1,1,1,1,1,2,2,2,3,3,2,2,1,3,3,3,2,2,2,3,3,3,3,3,3,3,3,1,1,1,1,1,1,1,1,1,1,1,1,1,1,1,1,1,1,2,4,4,6,6,6,6,9,10,13,13,14,14,15,18,16,16,16,17,17,17
Doubs,37.27542011750805,2,2,1,1,1,1,1,1,1,1,1,1,1,1,2,2,3,3,3,1,1,2,2,3,3,3,4,4,4,4,4,4,3,3,3,3,3,4,5,6,7,6,6,6,6,6,6,6,7,7,7,7,7,7,8,9,11,11,7,8,8,10,9,10,10,8,10,12,14,15,15,15,16,15,18,24,25,23,26,28,32,30,32,38,37,43,53,54,62,64,75,77,95,108,122,128,129,120,115,142,165,176,172,192,186,194,206,119.7,0,0,0,0,0,0,0,0,0,0,0,0,0,0,0,0,0,0,0,0,0,1,1,1,1,1,1,1,1,1,1,1,1,1,1,1,1,2,2,2,2,2,2,2,1,1,1,0,0,0,0,0,1,1,2,2,4,4,4,4,4,5,5,5,5,5,5,6,6,7,6,6,6,6,5,6,7,7,9,9,9,9,9,9,9,13,15,14,15,17,16,15,22,23,23,23,24,30,29,42,51,50,46,54,50,48,54
Drôme,81.20875224467854,6,6,6,6,7,7,6,6,6,6,6,6,6,6,6,6,6,6,6,6,6,6,6,6,6,6,6,7,7,7,6,6,6,6,6,6,6,6,7,7,9,10,9,9,11,10,10,12,15,15,15,16,19,19,20,18,20,19,24,28,26,31,36,31,31,32,35,38,34,41,42,45,52,52,60,62,77,87,91,100,109,124,132,158,157,159,182,192,208,229,248,259,265,290,287,306,335,348,360,365,366,378,388,403,393,396,426,153.5,3,3,3,2,2,2,2,2,2,2,2,2,2,2,2,2,2,2,2,1,1,1,1,1,1,1,1,1,1,1,1,1,1,1,1,1,1,1,1,2,2,2,2,2,3,2,2,2,3,3,3,4,4,4,3,3,4,4,5,5,5,5,7,7,8,9,9,7,7,8,8,9,11,11,11,12,13,11,12,14,16,18,20,22,22,22,28,31,26,31,29,28,28,31,36,40,41,45,49,51,51,59,64,61,59,59,62
Essonne,55.013013133689256,258,258,238,242,242,242,241,241,241,240,238,241,245,244,246,246,248,247,254,257,253,251,251,251,251,249,233,221,223,223,219,216,210,214,214,214,215,216,216,219,219,221,223,224,231,231,238,235,232,165,136,140,144,150,147,154,153,155,162,173,180,179,186,190,190,200,203,194,194,206,202,207,204,216,227,232,248,257,266,286,311,365,366,381,408,433,448,480,498,506,549,562,575,613,601,624,626,620,628,646,664,676,671,672,691,706,721,96.5,13,13,12,14,15,15,15,15,15,16,16,16,17,16,18,18,19,18,18,17,14,14,14,15,15,15,14,14,15,15,16,14,13,13,15,15,15,16,17,17,15,15,16,16,20,20,21,19,23,20,20,23,26,25,24,23,23,23,25,26,28,33,35,33,37,44,47,47,46,49,50,51,49,54,54,56,57,55,60,67,71,75,76,77,74,72,73,81,82,88,94,95,95,101,100,100,102,107,105,109,106,113,112,118,119,118,113
Eure,37.24025329877091,35,35,33,33,33,36,36,36,36,34,34,32,22,15,15,15,15,16,15,15,15,15,15,15,14,14,14,15,16,16,16,16,15,16,17,16,16,16,16,17,17,25,25,25,25,29,32,30,38,38,39,39,44,46,54,48,55,55,53,56,60,61,58,56,58,60,61,62,67,71,74,75,70,75,81,82,83,91,96,92,92,94,100,110,108,108,119,123,120,138,138,147,156,149,156,160,163,176,176,187,193,195,197,196,209,211,229,67.1,0,0,0,0,0,0,0,0,0,0,0,0,0,0,0,0,0,0,0,0,0,0,0,0,0,0,0,0,0,0,0,0,0,0,0,0,0,0,0,0,0,0,0,0,0,0,0,0,2,2,2,2,5,5,7,7,8,8,9,9,13,13,13,13,13,14,15,15,17,11,8,8,6,8,6,6,7,7,9,8,8,8,9,9,9,9,10,11,11,10,11,9,9,8,7,9,9,10,10,10,9,9,10,9,11,11,10
Eure-et-Loir,52.53213929809847,18,18,18,18,18,18,18,18,18,17,17,18,13,9,9,9,9,9,9,7,6,6,6,9,9,10,9,10,10,10,7,7,9,9,10,10,10,9,10,9,9,9,9,9,8,10,12,14,14,11,12,12,15,16,15,19,19,19,21,19,23,17,17,19,21,18,23,25,28,30,33,34,33,41,41,48,48,46,54,58,52,57,60,65,67,84,84,124,143,152,166,174,195,198,206,208,211,221,216,223,227,230,240,258,224,224,233,91.7,3,3,3,3,3,3,3,3,3,2,2,2,0,1,1,1,1,0,0,0,0,0,0,1,1,1,1,1,1,1,1,1,1,1,2,2,2,1,1,1,1,1,1,1,1,2,2,2,1,2,2,2,2,2,2,2,1,1,1,1,2,3,3,4,3,4,3,2,2,3,6,6,7,9,9,9,9,11,10,12,12,11,12,12,12,13,15,16,16,15,16,16,18,17,18,14,16,19,20,19,19,20,22,23,25,21,22
Finistère,13.490479575842192,7,7,7,7,6,6,6,6,6,5,5,6,6,6,6,6,6,6,6,6,7,7,7,7,6,5,6,8,8,8,9,9,9,9,10,11,8,9,10,11,12,11,13,13,15,19,21,23,23,23,23,24,22,23,20,19,22,23,24,22,23,23,23,21,21,23,26,25,26,25,23,23,24,25,27,26,33,37,34,35,38,39,36,38,38,42,47,53,60,72,74,80,81,92,94,91,91,97,93,104,107,113,122,124,117,121,126,70.4,0,0,0,0,0,0,0,0,0,0,0,0,0,0,0,0,0,0,0,0,0,0,0,0,0,0,1,1,1,1,1,1,1,1,1,1,1,1,2,3,3,3,4,4,4,4,4,4,2,2,2,2,1,1,2,2,2,2,2,2,3,4,4,5,5,5,5,3,3,3,3,3,3,2,2,3,3,6,6,5,6,6,7,6,5,7,11,10,13,21,24,28,28,31,29,28,28,28,29,30,29,32,36,35,31,31,31
Gard,46.45245749336205,5,5,5,5,6,6,6,5,5,5,5,5,5,4,10,10,8,7,7,7,5,5,5,5,11,11,16,16,17,17,17,16,17,20,19,17,18,20,19,22,25,24,29,29,33,37,38,40,47,47,47,53,54,54,54,53,50,50,53,55,64,68,67,71,73,79,82,84,83,84,90,88,92,91,94,95,113,114,118,123,132,154,155,170,177,197,214,225,235,243,238,259,269,279,274,351,365,358,342,343,350,354,356,366,370,351,352,84,1,1,1,1,1,1,1,1,1,1,1,1,1,1,3,3,1,1,1,1,1,1,1,1,2,2,4,4,4,4,4,4,4,4,4,4,4,6,7,7,6,6,6,6,7,12,12,15,15,15,15,15,13,14,13,14,14,14,14,16,18,18,19,20,18,21,22,23,21,21,24,25,26,27,25,23,30,29,28,29,31,33,37,36,43,45,44,47,54,52,49,55,65,59,56,76,81,80,77,74,79,81,79,83,81,79,75
Gers,20.20681676963724,1,1,1,1,1,1,1,1,1,1,1,1,1,1,2,2,2,2,2,2,2,2,2,2,3,3,4,5,7,7,6,5,5,5,5,4,4,4,4,5,5,6,9,10,13,12,11,12,11,11,11,10,10,11,9,7,10,10,9,9,9,8,9,11,11,11,10,12,12,12,11,13,14,16,21,20,20,19,17,17,20,20,22,21,22,23,24,25,23,22,23,25,25,29,28,32,37,32,31,31,32,34,33,34,38,39,40,84,0,0,0,0,0,0,0,0,0,0,0,0,0,0,0,0,0,0,0,0,0,0,0,0,0,0,0,0,0,0,1,2,2,2,2,1,1,1,1,1,1,1,1,1,1,1,1,1,1,1,1,1,1,1,1,1,1,1,1,1,1,1,1,1,1,1,1,1,1,1,1,1,2,2,2,2,2,2,2,2,3,3,3,3,3,3,3,3,3,3,4,4,4,4,3,3,4,4,5,5,5,6,6,7,7,7,7
Gironde,24.073976156188476,35,35,34,32,32,29,28,28,28,31,31,32,33,34,37,39,41,40,41,39,43,42,42,44,42,42,41,41,44,48,52,53,51,60,65,65,65,78,102,98,98,100,104,111,113,117,132,129,137,149,142,155,163,172,172,168,160,159,174,169,157,165,167,164,180,186,184,182,187,180,180,183,191,195,188,186,183,184,193,198,209,207,223,226,229,241,259,276,273,279,287,281,288,305,302,318,321,330,318,325,338,349,339,343,364,371,387,62.6,8,8,8,6,6,6,5,5,5,6,8,8,6,6,5,5,6,5,5,5,7,7,7,9,9,9,9,8,8,8,9,8,8,13,15,16,16,20,21,24,25,27,27,26,27,28,26,24,29,31,29,33,35,34,34,33,31,32,31,33,30,31,27,28,32,34,34,31,29,26,26,25,27,28,30,28,28,29,31,32,28,30,38,36,39,37,38,47,49,56,60,61,64,63,66,67,68,66,68,73,76,86,91,95,98,94,105
Guadeloupe,29.786471388579667,4,4,4,4,4,3,3,3,3,3,3,3,4,5,4,3,3,5,8,10,8,11,11,11,12,17,18,18,22,22,22,23,20,27,33,31,31,31,39,42,55,56,64,64,64,79,88,97,94,98,99,99,120,130,137,144,144,144,134,164,164,162,176,185,189,189,202,202,198,185,179,187,186,187,186,185,161,165,158,160,162,156,148,155,164,155,155,146,139,138,145,144,143,144,145,139,140,137,130,130,132,132,135,135,129,129,118,48.1,0,0,0,0,0,0,0,2,2,2,2,2,3,3,2,2,2,2,3,5,5,7,7,7,8,8,7,7,10,10,10,10,9,7,8,11,11,11,16,17,17,19,20,20,20,26,28,26,25,24,24,24,25,25,26,28,28,28,29,33,27,25,27,27,30,29,29,27,24,26,22,24,22,23,21,25,26,23,25,26,24,24,23,23,23,20,20,17,18,19,19,18,15,17,15,15,18,19,16,16,16,15,14,12,12,13,13
Guyane,4.794854015136986,105,113,129,123,128,128,122,124,125,113,105,92,85,93,92,92,102,94,99,88,88,85,82,88,86,86,85,85,81,81,86,88,70,53,54,52,52,57,59,49,46,46,38,38,38,39,41,17,20,22,22,23,24,26,23,19,20,22,22,20,21,23,22,22,23,23,24,27,24,23,22,22,22,19,19,18,17,19,19,18,15,10,19,19,20,20,18,19,18,20,22,21,19,23,23,20,19,18,19,18,17,16,14,15,13,13,13,0,25,25,27,26,25,24,21,19,20,21,19,18,16,14,16,18,18,17,17,15,17,16,16,15,16,14,13,13,13,13,12,11,7,8,7,7,7,9,9,9,7,7,7,7,8,8,10,4,4,4,4,4,4,6,8,6,7,6,6,5,5,4,4,4,4,5,6,6,6,6,6,6,6,5,5,5,5,5,5,5,1,2,2,2,3,3,3,3,3,3,3,3,3,2,2,2,1,0,0,0,0,0,0,0,0,0,0
Haut-Rhin,30.980168835492734,144,144,142,141,145,145,146,146,146,154,150,149,150,150,148,148,150,140,137,139,142,142,142,141,124,122,123,125,125,125,117,116,113,113,112,87,87,85,69,68,64,57,54,54,54,54,56,52,53,54,54,48,46,45,42,42,38,38,44,44,47,50,42,41,40,41,36,32,31,30,29,29,29,32,31,31,36,36,38,38,45,48,48,52,56,58,64,67,83,89,102,114,118,137,137,159,169,168,183,184,191,204,204,227,226,228,241,73.5,4,4,3,3,3,3,4,4,4,4,4,3,3,4,4,4,4,4,4,6,7,7,7,7,7,4,5,3,4,4,3,4,5,4,4,3,3,4,5,5,6,6,6,6,6,6,5,5,6,6,6,6,4,3,3,3,3,3,4,4,5,5,5,6,6,4,4,3,2,2,3,3,3,5,4,3,6,5,6,7,7,10,10,11,10,10,9,8,11,11,16,17,20,24,26,23,25,27,29,33,34,31,32,33,30,33,32
Haute-Corse,18.84021832488294,0,0,0,0,0,0,0,0,0,0,0,0,0,0,0,0,0,0,0,0,2,2,2,2,5,5,4,5,5,5,7,7,7,8,8,6,10,14,13,12,8,8,8,12,11,12,13,15,15,16,16,15,13,13,11,12,12,12,13,12,14,14,15,15,15,15,15,18,19,19,18,21,21,21,22,23,23,26,27,28,26,29,32,32,33,35,36,37,36,37,39,40,41,43,37,37,36,39,35,36,36,36,35,35,34,31,34,88.9,0,0,0,0,0,0,0,0,0,0,0,0,0,0,0,0,0,0,0,0,2,2,2,2,2,2,2,1,1,1,2,2,2,1,1,1,2,2,1,1,1,2,2,2,2,3,3,3,3,3,3,2,2,2,2,2,2,2,2,2,2,2,4,4,4,4,4,4,4,4,4,4,4,4,4,5,4,5,5,5,5,4,6,5,5,5,5,5,5,5,5,6,7,6,5,4,6,7,6,6,6,7,6,6,6,6,6
Haute-Garonne,29.38369327755967,23,23,24,25,22,22,22,22,22,23,22,22,25,24,25,25,23,29,34,37,36,36,37,43,36,43,45,47,46,47,48,56,59,60,60,61,55,73,63,60,63,65,67,68,77,75,77,79,82,81,80,83,84,78,86,94,96,101,101,122,137,133,136,139,147,149,153,140,135,144,149,153,151,148,153,154,160,167,185,202,189,214,210,229,223,227,247,276,291,304,300,306,322,328,360,368,372,396,404,407,416,405,414,409,412,409,407,84,3,3,5,5,5,5,5,5,5,5,4,4,4,3,2,2,2,4,4,3,3,3,3,5,4,5,5,5,5,5,4,6,10,10,9,9,9,8,7,6,8,10,11,12,13,12,15,15,16,17,17,22,22,25,28,30,31,31,34,48,49,48,48,50,52,46,42,33,37,40,35,34,37,44,50,44,42,47,50,59,56,60,53,56,61,65,67,64,67,75,73,76,80,83,86,90,96,93,100,99,95,94,93,91,104,104,102
Haute-Loire,93.51381357017806,1,1,1,1,1,1,1,1,1,1,1,1,1,1,1,1,1,1,1,1,2,2,2,2,2,2,2,2,2,2,2,2,2,2,2,2,2,2,2,2,2,2,2,2,2,14,14,18,19,21,21,21,20,21,19,18,19,19,19,21,23,10,7,6,6,8,8,10,10,14,16,17,17,16,18,18,18,26,26,29,40,48,50,60,67,81,83,103,117,138,132,137,146,150,155,169,192,193,208,217,223,221,228,243,238,232,219,153.5,0,0,0,0,0,0,0,0,0,0,0,0,0,0,0,0,0,0,0,0,1,1,1,1,1,1,1,1,1,1,1,1,1,1,1,1,1,1,1,1,1,1,1,1,1,1,1,1,1,3,3,3,1,1,1,0,0,0,0,0,0,0,0,0,0,0,0,0,0,1,1,1,1,3,3,2,2,3,3,2,2,3,3,4,5,5,6,8,8,9,11,11,12,13,11,12,14,12,12,17,18,17,16,19,19,19,20
Haute-Marne,66.38893960266219,19,19,19,19,19,19,18,17,18,18,18,18,18,18,18,18,18,18,18,18,18,18,18,18,18,15,8,7,7,7,7,7,7,8,7,7,7,7,6,6,6,7,7,7,9,8,8,8,8,8,9,9,9,10,10,9,8,9,10,8,8,10,13,13,13,12,13,10,11,12,16,21,21,21,22,23,23,25,27,28,29,30,31,32,36,37,38,44,46,49,54,56,56,62,60,75,80,80,89,90,94,97,110,113,115,119,120,73.5,0,0,0,0,0,0,0,0,0,0,0,0,0,0,0,0,0,0,0,0,0,0,0,0,0,0,0,0,0,0,0,0,0,0,0,0,0,0,0,0,0,0,0,0,0,0,0,0,0,0,0,0,0,0,0,0,0,0,1,0,0,0,1,1,1,1,1,1,1,1,1,1,1,1,1,2,2,2,2,2,2,2,2,2,2,2,2,4,3,2,2,4,4,4,4,5,5,7,6,5,5,5,5,5,4,4,4
Haute-Saône,44.39621152328335,0,0,0,0,0,0,0,0,0,0,0,0,0,0,0,0,0,0,0,0,0,0,0,0,0,0,0,0,0,0,0,0,0,0,0,2,2,2,2,2,2,2,2,2,2,2,2,2,2,2,2,2,2,2,2,2,2,2,0,1,1,1,2,2,2,2,6,7,5,4,6,6,9,10,15,17,24,23,22,22,22,27,26,29,29,29,30,42,42,48,59,56,66,76,81,80,77,84,86,89,96,104,103,117,115,111,108,119.7,0,0,0,0,0,0,0,0,0,0,0,0,0,0,0,0,0,0,0,0,0,0,0,0,0,0,0,0,0,0,0,0,0,0,0,0,0,0,0,0,0,0,0,0,0,0,0,0,0,0,0,0,0,0,0,0,0,0,0,0,0,0,0,0,0,0,0,0,0,1,1,1,1,1,1,1,1,1,1,2,1,0,0,2,3,3,3,5,5,4,6,4,5,5,5,9,10,11,12,12,14,15,16,15,16,16,14
Haute-Savoie,80.87714279161341,65,65,68,67,65,58,44,43,43,43,45,39,40,40,40,40,43,42,37,35,37,27,25,27,27,26,27,25,25,25,27,28,29,30,27,25,24,30,29,31,30,32,29,29,26,28,29,25,28,29,29,30,27,25,23,25,27,27,32,34,39,39,40,38,38,42,38,39,32,34,38,39,45,44,46,46,57,62,69,92,89,107,131,151,164,172,216,237,271,295,312,343,381,400,433,476,492,538,568,593,618,600,622,649,624,651,670,153.5,1,1,1,1,1,1,1,1,1,1,0,0,0,1,1,1,0,0,0,0,0,0,0,0,0,0,0,0,0,0,1,1,1,1,0,0,0,0,0,2,2,2,2,2,2,2,3,3,4,4,4,2,3,3,2,2,2,2,2,3,3,2,2,1,1,3,2,2,2,1,1,1,2,4,5,5,6,6,8,11,15,16,18,21,21,21,26,28,28,32,32,37,39,43,47,55,52,54,60,66,71,73,78,75,72,77,78
Haute-Vienne,38.019922439358226,3,3,3,3,3,3,3,3,3,3,3,3,3,3,3,3,3,2,1,1,1,1,1,1,1,1,1,1,1,1,3,4,5,3,3,4,5,6,6,6,8,7,9,12,12,13,14,16,19,18,20,23,31,30,29,28,29,29,32,30,29,29,27,25,26,29,29,29,31,29,32,32,45,43,43,41,42,48,45,57,58,58,59,72,77,75,78,80,87,99,104,116,121,136,136,139,136,137,143,144,146,155,151,155,144,145,145,62.6,0,0,0,0,0,0,0,0,0,0,0,0,0,0,0,0,0,0,0,0,0,0,0,0,0,0,0,0,0,0,0,1,1,1,1,1,1,1,1,1,1,1,2,2,2,2,3,2,3,3,3,3,5,5,4,3,5,5,6,5,5,4,2,2,2,3,5,5,5,4,4,4,4,4,2,4,5,5,4,4,5,5,5,6,6,5,5,3,3,3,3,6,6,7,7,9,9,9,9,9,10,10,9,8,7,7,9
Hautes-Alpes,126.12847281725766,3,3,3,3,3,3,3,3,4,4,4,3,4,4,4,6,6,5,4,3,3,3,3,3,3,1,1,2,3,3,3,4,4,4,4,4,4,4,4,7,7,6,5,6,7,8,6,7,7,7,6,6,6,6,7,7,8,8,8,8,8,10,11,11,18,20,18,20,22,22,23,24,29,29,31,35,41,40,43,40,53,64,63,68,81,89,105,118,121,121,127,171,176,125,124,145,158,163,165,169,168,161,166,174,182,175,184,107.6,0,0,0,0,0,0,0,0,0,0,0,0,0,0,0,0,0,1,1,1,2,2,2,2,2,1,1,1,1,1,1,1,1,1,1,1,1,1,1,2,2,3,2,2,2,2,2,2,2,2,2,2,3,3,3,4,3,4,4,3,4,4,4,4,4,4,4,2,2,2,2,2,3,3,3,3,7,8,9,9,7,12,11,11,13,15,17,17,14,18,19,25,24,19,19,21,21,24,24,24,23,20,21,21,21,22,19
Hautes-Pyrénées,75.87673866431363,3,3,3,3,2,3,3,3,3,4,4,4,4,4,5,5,5,5,5,5,5,5,5,6,7,7,7,7,7,7,7,7,4,4,4,3,3,3,4,5,6,7,7,7,5,5,5,6,6,6,6,5,6,7,7,8,8,9,10,11,11,11,11,10,11,10,12,12,11,11,11,11,12,12,15,14,13,13,21,24,24,23,24,28,30,45,43,45,44,48,53,68,70,73,83,96,99,97,104,112,133,143,159,179,182,173,178,84,2,2,2,2,2,3,3,3,3,3,3,3,3,2,2,2,2,1,1,1,1,0,0,0,0,0,0,0,0,0,0,0,0,0,0,0,0,0,0,1,0,0,0,0,0,0,0,0,0,0,0,0,1,1,1,2,2,3,3,4,4,4,4,3,4,4,4,4,4,4,4,4,3,3,3,2,2,2,3,5,6,5,7,6,6,6,5,7,7,8,8,8,9,11,12,13,12,13,12,13,12,14,13,15,13,13,15
Hauts-de-Seine,55.16886778353385,569,570,571,569,578,550,553,553,554,558,555,565,565,567,567,569,568,529,534,534,539,527,528,524,530,513,512,500,497,495,494,495,500,500,513,525,528,531,530,524,527,537,531,536,538,545,535,516,443,247,262,254,253,263,269,274,276,290,276,292,291,306,316,323,337,342,343,362,354,364,367,384,396,405,418,433,434,442,460,476,503,535,550,566,557,571,628,677,703,707,720,728,741,767,808,821,833,854,856,873,878,886,880,880,872,879,897,96.5,36,36,37,37,39,39,39,39,39,40,37,40,40,41,41,40,41,45,44,47,48,46,46,49,50,34,33,33,33,31,30,28,31,31,33,33,33,37,38,40,40,41,41,41,40,46,44,48,45,38,40,40,41,50,53,60,62,63,68,69,66,68,69,64,64,72,70,65,63,65,68,69,70,73,76,85,83,81,88,97,112,112,121,126,124,128,143,146,149,142,147,148,151,155,151,169,165,165,159,170,167,171,172,174,170,162,163
Hérault,38.78345502968095,2,2,3,4,5,4,3,4,5,7,10,8,7,9,10,10,10,11,16,17,22,23,23,19,19,21,26,35,37,38,43,45,42,50,50,54,55,51,69,69,71,70,66,73,89,87,91,96,89,86,86,85,82,84,95,93,88,90,97,88,90,88,94,89,93,102,109,113,138,153,155,159,173,183,180,171,179,175,187,205,218,226,234,240,254,262,276,314,336,376,369,346,358,369,380,399,410,427,435,446,439,461,463,459,467,451,451,84,0,0,0,0,0,0,0,0,0,0,1,1,1,1,1,1,0,0,3,4,5,5,5,4,4,5,5,7,7,7,8,9,10,15,11,10,12,13,17,18,19,19,19,18,17,18,19,21,22,24,24,25,27,27,30,28,29,32,32,29,33,31,28,31,32,35,37,38,40,47,49,48,51,50,47,42,47,50,54,54,56,62,54,62,64,67,65,74,81,89,91,76,79,82,87,85,83,85,89,96,94,96,90,92,92,93,93
Ille-et-Vilaine,27.292324771288477,30,30,32,35,33,32,33,33,33,32,34,33,34,34,34,34,34,34,35,34,35,35,35,33,33,32,33,33,33,34,33,35,35,36,36,36,36,36,39,42,46,53,57,57,56,51,57,61,66,69,69,74,69,71,76,77,78,78,83,78,76,79,77,71,67,73,72,69,71,67,68,75,82,84,85,86,90,96,95,96,107,106,105,113,115,126,139,148,154,170,182,201,211,229,246,257,270,273,272,269,258,279,285,297,300,292,296,70.4,3,3,7,9,6,6,5,5,5,4,3,3,3,3,3,3,5,5,3,3,4,4,4,5,5,5,5,5,5,5,4,5,4,4,4,4,4,4,5,4,2,3,3,3,5,6,6,7,4,5,5,7,5,6,8,8,8,8,10,8,9,10,9,8,6,6,6,6,7,6,6,6,11,13,14,15,15,16,16,17,16,14,12,15,19,21,23,24,22,22,20,23,24,26,26,30,34,30,34,34,35,37,38,43,43,40,39
Indre,32.01768428808899,73,73,73,73,54,41,41,41,41,41,41,37,17,7,7,7,7,7,8,8,8,8,8,8,8,8,7,7,4,4,4,4,3,3,3,3,3,3,3,3,3,3,3,3,3,3,3,3,3,3,3,3,2,2,2,5,7,7,7,7,9,9,9,9,9,10,10,12,13,12,12,12,12,11,16,15,16,17,17,17,21,21,22,23,22,22,22,30,32,32,36,41,48,48,48,45,49,49,50,51,47,48,51,48,55,65,73,91.7,1,1,1,1,1,1,1,1,1,1,1,1,0,0,0,0,0,0,1,1,1,1,1,1,1,1,1,1,1,1,1,1,1,1,1,1,1,1,1,1,1,1,1,1,1,1,1,1,1,1,1,1,0,0,0,0,0,0,0,0,0,3,3,3,3,3,3,4,4,4,4,4,4,3,5,5,5,5,5,5,6,7,7,6,6,6,6,4,4,4,6,8,8,8,8,7,6,7,9,9,8,8,7,7,8,9,8
Indre-et-Loire,26.178856533402282,20,20,21,21,23,23,22,22,22,24,19,15,14,9,9,9,13,11,13,12,12,12,12,10,9,8,7,7,7,7,7,6,6,8,7,7,7,11,16,14,13,13,13,13,21,21,23,27,31,31,31,31,35,35,41,40,40,41,37,36,38,38,39,36,36,33,33,36,35,39,41,38,44,39,39,41,39,41,43,46,48,50,54,56,58,61,61,67,67,70,68,79,83,91,92,105,107,116,113,117,137,150,150,160,161,159,162,91.7,2,2,2,3,3,1,1,1,1,1,1,1,1,1,1,1,1,1,3,2,3,3,3,1,1,1,1,1,1,1,1,1,1,1,1,1,1,4,5,5,5,5,5,5,6,4,5,7,7,7,7,8,9,8,8,8,8,8,6,6,6,6,6,8,8,6,6,7,7,9,10,9,11,13,12,13,11,12,13,11,11,11,11,14,14,13,12,13,16,19,18,18,18,20,24,25,26,27,28,31,34,35,35,43,44,42,44
Isère,82.12662772794424,24,24,23,23,24,25,22,22,22,24,22,22,21,21,21,21,22,23,23,23,23,23,23,24,23,28,29,30,30,30,29,30,30,32,32,36,36,47,44,47,45,49,49,49,65,71,71,77,77,79,81,99,108,113,120,112,119,113,116,109,117,115,115,125,132,133,142,159,149,160,162,168,185,218,224,242,259,253,264,307,344,361,373,404,435,495,521,575,638,697,716,722,751,791,816,869,943,961,970,992,1006,1055,1063,1071,1038,1031,1054,153.5,1,1,1,1,1,2,2,2,2,2,2,2,2,2,2,2,2,2,2,2,2,2,2,3,3,3,3,3,3,3,5,7,7,5,5,5,5,5,6,6,6,7,7,7,10,10,11,12,14,15,15,16,17,17,21,18,18,19,19,16,20,22,22,19,21,21,23,25,27,30,29,31,32,36,39,36,38,41,43,51,60,68,69,72,68,72,71,79,83,90,99,111,108,112,109,115,124,126,124,127,128,130,131,131,133,132,127
Jura,68.68539859807532,1,1,1,1,1,0,0,0,0,0,0,0,0,0,0,0,0,0,0,0,0,0,0,0,0,1,1,2,2,2,2,2,2,2,2,2,2,2,2,2,2,2,2,2,3,3,4,4,4,3,3,3,3,5,8,9,7,7,8,7,6,4,6,6,6,9,13,11,9,10,11,15,15,21,20,23,31,35,35,42,48,58,60,72,77,82,105,110,134,135,137,141,152,166,200,190,199,189,191,191,191,180,169,174,182,179,185,119.7,0,0,0,0,0,0,0,0,0,0,0,0,0,0,0,0,0,0,0,0,0,0,0,0,0,0,0,0,0,0,0,0,0,0,0,0,0,0,0,0,0,0,0,0,0,0,0,0,0,1,1,1,1,1,1,1,0,0,0,0,0,0,1,1,1,1,1,1,1,1,1,1,1,1,1,1,1,2,2,2,2,2,3,3,5,5,6,7,5,7,7,8,7,9,9,7,8,9,9,8,8,7,8,7,8,6,6
La Réunion,9.732777329117342,18,18,18,17,17,18,20,22,22,23,20,23,23,22,27,26,30,29,34,38,43,43,45,47,49,52,64,67,67,66,70,70,71,72,62,64,69,70,73,71,69,78,65,68,69,64,67,70,66,71,76,77,71,71,68,69,63,59,61,53,53,53,53,51,53,53,52,44,48,53,49,52,54,50,51,47,44,48,52,53,43,37,38,43,44,46,49,48,54,57,60,64,64,61,60,61,70,72,75,72,81,75,73,83,84,84,84,34.6,3,3,3,3,3,3,2,4,4,4,2,2,3,4,6,5,7,7,7,9,8,10,9,8,9,9,11,13,14,16,15,14,14,18,19,16,14,14,13,13,12,12,13,13,12,12,11,11,12,16,17,17,17,17,18,17,18,17,16,16,16,15,16,14,15,14,15,13,12,11,10,11,11,11,11,11,10,10,11,11,8,10,11,12,12,13,14,10,10,11,12,12,13,12,11,11,13,14,15,15,16,16,16,19,19,20,18
Landes,25.255593756626617,3,3,3,3,2,2,2,2,2,2,2,2,2,2,2,2,2,2,2,2,2,2,2,2,2,2,2,2,2,2,2,2,2,1,2,2,2,2,1,1,1,1,1,1,2,5,8,8,8,8,8,9,10,9,8,7,7,7,8,10,9,10,9,11,11,17,15,17,20,27,29,30,31,37,40,40,43,46,46,45,55,43,48,44,46,47,47,46,44,45,44,49,50,46,53,59,60,58,60,57,54,63,79,92,108,105,106,62.6,0,0,0,0,0,0,0,0,0,0,0,0,0,0,0,0,0,0,0,0,0,0,0,0,0,0,0,0,0,0,0,0,0,0,0,0,0,0,0,0,0,0,0,0,0,1,1,1,1,1,1,2,2,2,3,3,2,2,2,3,3,3,3,5,5,6,4,5,5,5,4,4,4,4,4,4,5,4,4,3,3,4,4,4,5,6,7,11,11,10,10,10,11,11,12,12,13,14,14,13,12,11,14,16,15,14,14
Loir-et-Cher,31.71815482571168,36,36,36,37,37,37,35,35,35,35,13,13,13,14,9,9,9,10,10,11,9,9,9,11,11,10,9,9,9,9,10,12,13,13,12,12,12,9,7,6,5,5,6,6,6,5,8,8,8,8,8,8,6,6,7,6,8,8,10,15,12,12,15,14,16,18,15,14,15,15,16,16,17,17,16,17,17,17,17,18,20,19,19,23,23,22,28,33,41,47,52,56,58,61,66,74,69,76,79,90,97,100,100,101,104,105,108,91.7,0,0,0,0,0,0,0,0,0,0,0,0,0,0,0,0,0,0,0,0,0,0,0,0,0,0,0,0,0,0,0,0,0,0,0,0,0,0,0,0,0,0,0,0,0,0,1,1,1,1,1,1,1,1,1,1,1,1,1,1,1,1,1,1,1,1,2,1,1,2,2,2,1,1,1,0,0,0,0,0,1,1,2,3,3,3,4,2,3,3,3,5,6,5,6,6,6,6,7,7,9,9,10,9,9,7,8
Loire,122.59946895004427,73,73,73,74,74,74,76,76,76,76,73,73,74,74,74,74,76,74,47,46,46,47,47,47,46,46,45,45,47,47,44,46,45,45,47,46,47,49,50,59,61,62,74,76,83,92,97,101,91,100,104,108,113,116,114,122,137,143,137,136,121,137,147,157,164,171,182,181,190,197,209,223,250,252,275,307,320,337,367,390,418,451,462,498,536,573,596,609,655,694,741,772,775,807,833,862,902,907,896,913,946,948,950,957,968,949,953,153.5,2,2,2,2,2,2,3,3,3,3,3,3,3,3,3,3,3,3,3,3,2,2,2,2,2,2,2,2,2,2,2,2,2,2,3,3,3,3,4,6,6,6,6,7,8,10,9,8,8,10,12,15,15,18,17,21,20,21,21,20,21,22,24,27,29,28,31,36,35,33,35,37,42,40,46,49,47,48,53,53,58,58,59,66,72,76,80,74,76,81,84,83,85,90,90,97,94,95,95,100,104,100,100,95,101,102,109
Loire-Atlantique,26.209428086388524,7,7,9,9,8,12,15,15,15,19,19,18,20,18,20,20,20,22,23,21,19,20,20,19,21,19,19,17,17,17,17,15,14,15,14,15,15,19,20,18,21,23,23,23,31,33,31,32,33,32,32,36,44,48,54,59,63,61,61,63,62,57,58,56,56,62,65,71,76,78,80,80,87,88,88,95,94,102,117,124,125,130,132,139,143,162,191,206,215,231,239,254,267,275,277,289,303,303,326,330,341,356,363,350,350,359,373,92.3,0,0,0,0,0,2,2,2,2,3,4,3,5,4,4,4,3,3,4,4,4,4,4,4,4,3,4,2,2,2,2,2,2,3,3,3,3,4,4,4,4,4,4,4,4,4,6,7,8,8,8,8,9,7,9,11,9,8,9,8,12,12,10,10,10,11,9,8,9,8,9,9,12,13,13,13,16,17,20,23,21,19,17,14,13,12,18,24,28,32,34,33,34,36,35,35,35,42,41,41,42,46,52,50,48,47,49
Loiret,39.70889768100037,31,31,31,30,32,31,21,21,21,22,26,26,26,26,25,25,25,26,22,20,25,24,24,22,28,24,23,22,22,22,20,25,27,23,23,22,22,25,23,22,26,26,29,29,27,25,25,26,27,27,27,39,41,41,45,45,39,39,40,35,40,40,44,44,42,48,47,45,46,54,54,58,60,59,62,62,74,76,78,87,89,105,113,122,124,126,138,141,170,177,184,194,190,201,205,213,222,227,234,232,242,247,246,273,280,275,275,91.7,4,4,4,4,4,4,4,4,4,4,4,4,6,6,6,6,6,7,3,2,4,4,4,4,6,5,6,4,4,4,4,4,6,5,5,5,5,7,7,7,6,5,6,6,8,7,7,7,5,5,5,8,8,9,10,11,8,8,8,7,7,7,8,9,8,9,12,12,11,14,13,14,15,14,14,18,22,21,22,24,29,26,27,33,33,33,37,38,38,39,40,39,35,41,49,54,67,69,70,66,66,60,57,62,68,72,71
Lot,17.82173806500479,0,0,0,0,0,0,0,0,0,0,0,0,0,0,0,0,0,1,1,1,1,1,1,1,1,1,1,1,1,1,1,1,1,1,1,1,1,0,0,0,0,0,0,0,0,0,0,0,0,0,0,0,0,0,0,0,0,0,0,0,0,3,5,6,6,5,5,5,5,5,4,4,5,4,4,5,6,6,6,7,7,7,10,8,9,10,12,13,13,15,18,20,23,24,23,24,27,23,23,25,25,23,25,29,28,30,32,84,0,0,0,0,0,0,0,0,0,0,0,0,0,0,0,0,0,0,0,0,0,0,0,0,0,0,0,0,0,0,0,0,0,0,0,0,0,0,0,0,0,0,0,0,0,0,0,0,0,0,0,0,0,0,0,0,0,0,0,0,0,0,1,1,1,1,1,1,1,1,1,1,1,1,1,2,2,2,2,2,2,2,3,3,4,3,3,4,4,3,3,3,3,5,6,6,7,6,4,4,4,3,4,4,4,5,6
Lot-et-Garonne,24.320918920502827,2,2,2,2,2,2,2,3,4,4,5,5,4,4,3,3,3,3,3,3,4,7,9,11,10,9,9,8,7,8,7,7,7,7,8,11,11,12,12,14,14,13,13,15,15,13,14,13,14,13,13,14,13,12,14,13,14,14,13,12,12,15,15,17,20,23,26,22,24,22,23,24,25,24,24,24,23,23,22,26,24,26,31,31,32,35,38,43,45,43,45,48,53,54,56,61,59,66,63,68,69,75,78,80,81,82,83,62.6,2,2,2,1,1,1,1,1,1,1,1,1,0,0,0,0,0,0,0,0,0,1,1,1,1,0,1,1,1,1,1,1,1,1,2,2,2,2,2,4,4,4,4,5,4,4,4,4,4,4,4,3,3,3,5,5,5,4,3,3,3,3,3,4,4,5,5,5,6,5,4,6,6,5,4,5,6,5,4,5,4,5,5,5,5,6,6,7,7,5,6,6,6,6,7,9,9,13,13,12,12,13,13,14,14,13,14
Lozère,61.066799601196415,0,0,0,0,0,0,0,0,0,0,0,0,0,0,0,0,0,1,1,1,1,1,1,1,1,1,1,1,1,1,1,1,2,1,0,0,0,0,2,3,3,3,3,3,3,5,3,4,3,3,3,4,4,4,4,4,4,4,4,5,5,5,5,4,4,5,6,6,6,7,9,12,12,10,11,13,13,16,18,18,18,20,23,25,27,28,27,26,30,34,33,46,52,55,55,56,53,50,52,56,55,54,53,55,55,46,49,84,0,0,0,0,0,0,0,0,0,0,0,0,0,0,0,0,0,0,0,0,0,0,0,0,0,0,0,0,0,0,0,0,0,0,0,0,0,0,0,0,0,0,0,0,0,0,0,0,0,0,0,0,0,0,0,0,0,0,0,0,0,0,0,0,0,0,0,0,0,0,0,0,0,0,0,0,0,0,0,0,0,0,0,0,1,1,1,1,3,3,3,4,4,4,4,4,5,5,5,5,5,7,5,5,6,5,5
Maine-et-Loire,33.7272581059444,37,37,39,38,36,30,24,24,24,25,22,23,24,25,24,24,26,24,23,23,25,26,26,26,23,21,21,22,22,22,22,26,24,24,23,24,24,26,30,31,32,31,31,31,31,30,26,27,27,35,35,43,42,47,47,48,44,44,50,48,49,50,57,53,54,57,58,55,53,52,48,48,53,53,55,65,79,80,84,93,104,112,127,152,155,159,170,196,216,216,219,219,232,246,242,244,248,241,245,253,276,273,288,287,286,280,281,92.3,1,1,3,3,3,4,4,4,4,5,4,4,4,4,4,4,4,4,4,4,4,4,4,3,4,4,4,3,3,3,5,7,7,6,6,6,6,6,6,8,8,8,9,9,7,6,7,6,6,6,6,7,7,8,8,7,7,7,7,7,6,7,7,9,9,10,7,6,7,7,7,7,8,9,12,13,14,14,15,16,19,18,16,16,18,19,21,26,33,35,36,37,40,51,51,51,58,59,60,57,58,63,61,60,62,62,64
Manche,30.608882814769466,27,27,27,25,25,24,24,25,25,25,25,25,19,9,10,10,10,10,10,10,10,9,9,11,11,12,11,9,9,10,9,8,8,8,9,9,9,11,10,9,12,12,13,13,13,11,12,14,13,14,14,12,12,12,11,13,13,15,15,17,17,17,14,12,12,12,13,15,17,18,20,19,21,22,21,25,31,31,34,41,37,45,49,51,50,48,59,65,78,82,74,89,101,103,110,123,128,126,126,131,140,140,141,146,152,153,157,67.1,0,0,0,0,0,0,0,0,0,0,0,0,0,0,0,0,0,0,0,0,0,0,0,1,0,0,0,0,0,0,0,0,0,0,0,0,0,1,2,2,2,2,2,3,3,3,3,3,3,3,3,2,2,2,2,2,2,2,1,1,1,1,1,1,1,1,1,2,2,2,2,2,1,2,2,3,4,5,6,6,6,6,5,6,6,6,7,8,8,8,8,8,8,7,9,10,13,10,10,13,15,14,14,16,15,15,12
Marne,37.542773791010745,71,71,70,70,71,64,42,42,42,46,46,47,47,47,47,47,50,49,49,49,49,49,49,49,46,47,50,49,49,49,48,48,48,47,41,39,39,38,31,30,30,30,30,30,33,31,31,29,30,30,30,32,31,32,33,36,37,38,38,38,41,43,41,40,41,43,40,38,37,44,46,47,45,47,50,63,64,60,62,64,76,81,84,87,85,86,89,98,103,120,127,130,132,136,155,162,167,169,171,173,180,186,193,199,208,215,218,73.5,4,4,4,4,5,6,6,6,6,6,6,6,7,7,7,7,7,7,7,6,7,7,7,7,5,5,5,4,4,4,4,4,4,2,2,2,2,2,3,3,3,3,3,3,3,2,2,1,1,1,1,2,3,3,5,5,6,6,7,7,9,9,8,8,9,9,7,8,8,8,8,9,10,10,13,16,16,13,14,13,16,16,15,16,15,15,17,21,20,18,19,19,20,20,25,26,26,27,27,27,36,40,40,42,43,44,44
Martinique,16.9441716020979,9,9,9,8,6,6,5,5,5,5,6,6,6,5,4,4,4,4,4,4,10,11,11,11,11,14,14,13,13,13,12,14,13,12,13,13,13,13,14,14,13,12,12,12,12,15,17,17,17,18,21,21,22,24,25,27,28,31,31,32,34,34,31,34,34,42,42,42,42,47,49,49,52,52,56,56,57,56,60,64,67,68,68,72,66,65,69,73,69,67,72,72,72,76,79,77,76,80,77,72,78,78,80,79,74,76,64,65.4,4,4,4,3,3,2,1,1,1,1,2,2,2,1,1,1,1,1,1,1,2,3,3,3,3,3,3,4,4,4,4,3,4,4,5,5,5,5,6,6,4,4,4,4,4,5,6,6,6,8,8,8,9,8,8,11,11,15,15,16,16,16,15,15,15,15,15,17,17,18,18,18,19,19,20,20,20,17,15,16,16,16,16,17,16,16,14,16,13,13,14,15,14,16,16,14,18,18,14,14,16,16,16,16,15,14,17
Mayenne,38.8318863456985,15,15,17,12,13,14,15,15,18,17,17,16,16,18,19,19,20,20,19,17,18,18,19,21,15,14,13,16,10,10,11,10,6,7,7,9,9,8,8,10,10,9,10,10,9,8,8,6,5,5,5,6,8,8,9,8,8,9,9,9,8,8,9,9,9,11,10,9,10,9,10,10,11,13,14,15,15,15,18,20,20,24,31,29,33,43,39,43,46,51,51,55,56,63,62,68,85,86,86,91,103,110,104,112,112,112,123,92.3,0,0,3,2,2,3,3,3,2,3,3,2,2,2,2,2,2,2,2,1,1,1,2,2,2,2,2,1,1,1,1,1,1,0,0,1,2,2,2,1,1,0,0,0,0,0,0,0,0,0,0,1,1,1,2,2,1,1,1,0,0,0,0,0,0,1,0,0,0,0,0,0,0,1,1,2,2,2,3,2,3,1,2,3,3,3,5,5,6,7,7,7,8,9,8,9,9,10,12,12,13,14,13,13,15,15,15
Meurthe-et-Moselle,44.143298000805046,56,56,57,56,55,52,52,52,52,50,49,47,47,43,43,43,43,43,45,44,44,44,44,41,41,41,42,40,40,40,41,45,46,47,48,49,47,48,36,41,41,41,40,40,41,45,48,47,47,49,49,50,50,46,43,42,47,47,47,46,44,46,47,45,44,46,49,44,50,45,46,46,51,47,57,61,64,67,70,63,62,69,73,78,81,86,107,126,143,158,174,183,185,201,234,243,251,261,269,277,285,310,323,339,347,336,329,73.5,2,2,1,1,1,1,1,1,1,1,1,1,1,1,1,1,1,1,0,0,0,0,0,0,0,0,0,0,0,0,0,0,1,1,1,1,1,1,1,1,1,1,1,1,2,3,3,3,1,1,1,1,1,1,1,3,3,3,3,3,3,2,4,3,3,3,3,2,3,3,3,3,4,7,8,9,11,6,8,8,8,8,8,9,9,10,16,15,19,21,23,25,25,25,30,34,34,36,44,47,48,55,52,50,51,50,51
Meuse,31.154589070970157,3,3,3,3,2,2,1,1,1,1,1,1,1,2,2,2,2,2,2,2,2,2,2,1,1,1,1,1,1,1,1,2,2,2,2,2,2,2,2,2,2,1,1,1,4,4,4,4,4,4,4,5,5,5,8,8,7,7,9,9,9,10,10,10,13,13,13,12,13,14,14,14,18,20,20,21,19,19,17,19,22,24,20,17,18,19,18,22,24,24,31,37,42,43,44,44,42,36,37,38,50,54,56,60,55,60,60,73.5,0,0,0,0,0,0,0,0,0,0,0,0,0,0,0,0,0,0,0,0,0,0,0,0,0,0,0,0,0,0,0,0,0,0,0,0,0,0,0,0,0,0,0,0,0,0,0,0,0,0,0,0,0,0,0,0,0,0,0,0,0,0,0,0,0,0,0,0,0,0,0,0,1,1,1,1,1,1,1,1,1,1,1,1,1,1,1,2,2,3,5,5,5,5,4,5,6,5,5,5,4,4,4,4,5,7,8
Morbihan,27.982500573252615,16,16,17,20,21,20,19,19,19,18,18,18,17,17,17,17,16,17,18,17,18,18,18,18,17,18,19,19,16,16,15,15,14,14,13,13,14,14,14,13,19,29,29,33,36,39,40,41,45,55,56,57,58,68,69,70,70,71,70,72,74,73,69,69,68,72,75,77,76,79,79,81,86,67,71,70,65,59,59,66,65,65,72,82,86,90,93,105,117,122,128,135,135,138,141,147,156,164,172,175,184,191,194,199,213,213,216,70.4,0,0,1,1,1,1,1,1,1,1,1,1,1,1,1,1,1,1,1,1,1,1,1,1,1,1,0,0,0,0,0,0,0,1,1,1,1,1,1,1,2,1,1,1,1,2,2,2,2,2,2,2,1,2,2,1,1,1,1,0,2,2,2,3,3,4,5,5,5,5,5,6,6,5,5,5,5,6,6,7,6,4,5,6,5,7,8,9,9,8,9,11,11,13,17,19,22,21,22,19,22,29,29,30,34,31,31
Moselle,45.94164845789514,118,118,116,116,122,120,120,116,116,116,114,106,106,106,106,106,106,107,106,106,107,95,95,93,92,91,91,89,91,91,90,90,89,88,85,85,85,83,82,80,78,57,51,51,52,57,58,56,61,61,61,64,65,66,55,56,49,49,45,46,43,64,59,57,59,61,54,48,48,50,58,60,64,65,62,61,61,61,65,80,104,110,117,129,158,165,171,177,188,208,215,223,225,220,232,241,254,263,288,299,313,355,386,432,443,481,488,73.5,3,3,3,3,3,3,3,3,3,3,3,3,3,3,3,3,3,3,3,3,3,3,3,3,3,3,3,3,3,3,3,3,2,2,2,2,2,2,2,2,2,0,0,0,0,0,0,0,0,0,0,0,1,1,2,3,2,2,2,2,2,9,10,9,9,10,10,8,8,9,9,10,10,11,12,12,13,13,13,15,18,19,19,26,25,26,26,28,30,32,32,32,31,35,36,38,43,46,45,46,51,55,58,66,71,68,68
Nièvre,41.364657660452565,0,0,0,0,0,0,0,0,0,0,0,0,0,0,0,0,0,0,0,0,0,0,0,0,1,1,1,1,1,1,1,1,2,2,3,3,3,4,4,4,4,4,4,4,4,4,5,6,6,7,7,7,6,4,4,1,1,1,1,5,3,4,7,6,6,6,6,7,7,8,8,9,9,11,13,15,13,12,14,17,15,15,13,15,15,16,18,18,19,20,25,34,42,44,47,50,59,65,65,66,81,84,86,84,84,83,88,119.7,0,0,0,0,0,0,0,0,0,0,0,0,0,0,0,0,0,0,0,0,0,0,0,0,0,0,0,0,0,0,0,0,0,0,0,0,0,0,0,0,0,0,0,0,0,0,0,0,0,0,0,0,0,0,0,1,1,1,1,0,1,1,1,2,2,2,2,2,2,2,2,3,3,3,3,4,3,3,4,5,4,4,3,4,4,4,4,4,4,4,5,5,7,6,6,6,9,8,9,9,11,11,12,10,11,11,10
Nord,62.650483539543615,194,194,195,190,180,181,177,178,178,173,175,164,158,152,153,153,160,157,157,153,152,152,153,152,147,147,146,145,145,145,138,138,139,134,138,138,138,144,135,138,148,130,130,130,138,145,148,155,165,165,165,202,206,227,236,249,251,259,280,272,298,310,317,320,325,355,364,381,397,423,438,446,500,529,554,587,622,631,661,717,801,818,878,926,954,1013,1120,1162,1261,1316,1396,1461,1504,1556,1554,1562,1554,1581,1554,1599,1659,1663,1676,1674,1648,1653,1651,116.7,21,21,22,23,22,21,22,22,22,21,21,20,18,19,19,19,18,18,19,18,16,16,17,18,18,18,17,17,18,18,14,14,18,19,20,21,21,23,21,18,20,21,21,21,18,21,21,21,25,24,24,25,30,38,41,47,51,54,60,64,65,75,75,74,76,80,74,74,75,80,77,78,85,87,93,104,106,119,120,138,141,145,155,161,171,174,191,200,214,216,226,241,255,262,264,266,267,274,278,282,283,287,292,295,288,292,290
Oise,36.70060383776671,137,137,137,136,135,135,138,138,138,135,138,141,139,140,140,140,142,142,139,137,135,135,135,135,133,133,133,121,121,121,121,119,120,122,120,120,120,120,121,111,113,115,116,116,117,120,123,127,128,123,123,133,132,132,154,127,125,127,123,122,124,128,91,90,89,92,97,102,101,108,109,108,115,118,122,128,132,133,137,132,134,143,154,159,160,164,173,179,200,206,210,213,217,225,245,255,272,266,260,267,287,300,292,307,300,302,309,116.7,4,5,5,5,5,4,4,4,4,5,4,4,5,5,5,5,5,4,4,4,3,3,3,2,1,1,1,1,1,1,1,1,1,2,2,2,2,3,4,4,4,4,3,3,4,3,4,5,6,6,6,7,7,8,8,10,11,11,11,11,9,13,14,14,13,13,16,14,13,13,16,16,16,16,15,18,21,23,22,23,20,22,22,21,18,19,21,19,26,24,26,28,32,34,38,39,42,43,43,43,45,44,45,44,40,41,44
Orne,43.90222152100618,22,22,24,24,23,23,23,23,23,22,22,23,23,22,22,22,22,20,19,15,16,16,16,17,15,15,15,15,15,15,15,11,9,9,8,8,8,8,8,8,8,9,9,9,9,9,11,12,12,11,11,12,12,13,16,15,14,14,14,16,18,19,18,16,19,24,22,22,21,21,19,19,22,21,24,24,23,20,22,22,22,27,26,31,31,31,33,45,50,55,56,56,64,66,75,79,86,92,96,99,113,116,126,121,116,127,128,67.1,2,2,2,2,2,2,2,2,2,2,2,2,2,2,2,2,2,0,0,0,0,0,0,1,1,1,1,1,1,1,1,1,1,1,1,1,1,1,1,1,1,1,1,1,1,1,1,1,1,1,1,1,1,1,1,1,1,1,1,1,2,2,3,3,5,5,4,4,5,3,3,3,3,3,3,4,4,4,5,4,3,3,2,2,2,3,3,2,2,2,2,3,3,5,6,8,9,9,10,11,11,11,13,13,12,13,12
Paris,62.27398466871646,273,272,275,277,272,273,277,281,283,286,286,285,289,285,288,287,296,295,295,303,302,298,297,299,300,285,282,286,287,287,288,293,294,297,293,295,301,326,318,325,333,335,333,342,350,371,376,362,353,325,313,315,322,317,346,350,347,364,399,404,409,413,429,432,453,484,489,518,515,517,526,549,547,583,592,595,604,640,649,675,703,729,752,824,877,906,958,1012,1046,1084,1133,1151,1185,1244,1296,1348,1358,1322,1358,1379,1383,1344,1345,1355,1356,1349,1373,96.5,34,33,35,38,35,36,38,38,40,39,38,36,38,37,37,37,37,38,38,38,41,40,40,41,41,40,39,43,43,43,43,42,41,43,45,46,46,52,52,54,55,53,54,58,60,65,66,68,72,70,74,77,77,85,87,85,86,91,95,94,103,109,106,103,104,112,120,127,124,125,128,132,127,133,134,133,128,142,146,152,158,168,172,173,181,186,190,216,220,225,250,244,254,264,272,277,270,275,291,295,316,312,317,324,327,326,323
Pas-de-Calais,52.61805000459737,82,82,79,84,85,81,83,83,83,85,86,89,88,91,95,95,96,95,96,95,93,94,94,91,92,92,91,88,88,88,90,90,93,86,83,84,84,87,86,91,91,87,91,92,92,99,105,115,108,112,113,113,114,109,111,109,112,111,111,119,117,119,125,124,125,126,139,149,152,153,166,164,169,186,190,192,207,212,217,248,251,269,289,303,326,340,364,363,391,399,421,447,462,516,547,566,602,621,663,670,692,697,744,769,776,768,784,116.7,12,12,10,10,10,9,9,9,9,10,11,11,11,11,11,11,10,10,9,10,10,10,10,9,11,11,9,9,9,9,9,10,10,9,9,8,8,9,10,12,12,12,13,13,15,17,21,22,21,21,21,22,19,19,20,23,26,24,21,21,20,20,22,24,25,25,30,24,21,23,24,23,24,28,26,24,24,29,30,35,32,33,39,39,42,46,52,50,49,56,64,69,76,82,82,86,94,95,101,100,106,105,108,112,117,113,114
Puy-de-Dôme,55.66354082965609,16,16,16,16,16,16,18,18,18,18,19,19,21,18,18,18,18,18,19,17,17,17,17,16,16,17,18,17,17,17,22,22,22,20,22,22,23,21,21,21,22,22,22,22,26,28,29,40,38,39,43,46,48,51,52,54,53,53,56,50,48,47,45,45,50,49,47,51,52,55,57,60,76,77,85,86,112,121,131,149,163,180,197,192,199,208,228,267,288,289,291,295,313,318,338,328,328,328,342,356,355,368,373,372,364,361,372,153.5,0,0,0,0,0,0,0,0,0,0,0,0,1,1,1,1,0,0,0,1,1,1,1,1,1,1,1,1,1,1,0,0,0,0,0,0,0,0,1,1,3,3,3,3,3,4,5,4,5,5,5,6,8,6,5,4,4,5,8,9,8,6,6,6,8,8,8,7,7,5,5,5,7,8,10,11,11,12,11,15,16,19,20,19,20,18,24,23,26,26,27,32,35,37,40,37,42,39,42,43,43,42,40,44,42,46,48
Pyrénées-Atlantiques,59.05469384236276,0,0,1,1,1,1,1,1,1,1,2,3,4,4,4,4,5,4,4,3,3,3,3,3,2,2,1,3,3,3,6,7,6,6,7,7,7,7,6,7,10,12,12,12,21,22,26,27,28,28,32,33,31,35,32,30,31,31,34,35,40,48,52,54,58,60,56,51,50,55,55,57,56,58,59,60,57,54,55,60,61,67,70,80,87,93,98,108,131,140,165,196,219,236,254,287,301,315,327,337,356,362,374,390,398,402,411,62.6,0,0,0,0,0,0,0,0,0,0,0,0,0,0,0,0,0,0,1,1,1,1,1,1,0,0,0,0,0,0,0,1,1,2,2,2,2,1,1,1,2,2,2,2,2,2,3,2,3,3,3,2,2,4,4,5,5,3,5,6,5,6,6,6,6,8,8,8,7,7,7,7,8,8,8,9,8,8,8,8,10,10,10,12,11,13,13,14,12,11,13,15,18,22,25,28,27,28,27,25,23,23,22,21,23,23,24
Pyrénées-Orientales,27.986931139710762,0,0,0,0,0,0,0,0,0,1,1,1,2,3,3,3,4,5,4,5,5,5,5,7,5,6,4,5,4,4,6,5,6,6,8,8,8,8,8,10,11,11,11,11,15,14,16,15,15,14,14,18,18,19,19,23,23,23,23,21,20,22,22,20,18,19,20,20,24,26,25,26,31,27,31,34,38,37,43,41,46,49,48,58,54,57,59,62,64,78,88,92,96,94,97,99,101,102,115,118,118,116,124,124,128,132,135,84,0,0,0,0,0,0,0,0,0,1,1,1,1,0,0,0,0,1,2,2,3,3,3,3,3,3,2,2,2,2,1,1,2,2,2,2,2,2,2,3,3,2,2,2,1,1,1,1,2,2,2,4,5,5,5,6,6,6,4,3,3,3,2,2,2,2,3,3,4,6,6,6,5,6,7,8,10,10,11,10,9,13,10,12,12,14,13,16,16,18,19,19,21,20,21,22,25,22,21,24,24,21,21,24,22,24,26
Rhône,102.0004824563984,91,92,81,80,82,81,83,83,83,71,73,75,79,78,78,78,84,85,87,81,75,74,76,83,89,90,96,108,106,107,116,124,136,154,166,168,171,183,204,224,232,247,256,261,286,320,315,317,326,328,330,345,336,344,346,339,335,353,341,341,355,343,359,353,364,389,391,399,386,410,413,426,458,494,518,571,589,614,651,671,788,835,907,976,1022,1046,1165,1232,1291,1314,1363,1377,1445,1503,1569,1644,1680,1723,1766,1815,1873,1847,1880,1886,1868,1856,1907,153.5,6,6,6,7,8,8,8,8,8,8,8,10,10,10,10,10,12,11,9,8,8,8,8,9,7,6,7,9,13,14,16,20,23,24,25,24,24,28,33,34,38,36,38,38,44,50,53,57,56,56,55,64,64,68,62,62,59,61,69,68,73,71,71,74,74,79,77,79,80,83,84,89,88,97,97,112,116,117,126,128,135,139,148,156,162,165,179,194,207,212,225,227,236,227,244,251,261,256,270,275,278,269,274,281,272,277,281
Saône-et-Loire,86.91361839829614,2,2,4,4,3,3,3,3,3,3,4,4,5,5,6,6,6,6,3,4,2,2,3,3,3,3,3,5,5,5,5,4,6,5,5,5,5,8,7,8,10,13,15,13,16,18,28,28,27,29,31,37,44,46,44,47,49,51,50,49,50,45,45,46,48,48,50,51,57,55,55,57,59,75,85,94,95,97,107,127,147,151,157,169,185,198,226,230,251,258,272,281,297,314,343,337,342,373,395,402,429,446,457,464,481,482,495,119.7,1,1,1,1,1,1,1,1,1,1,1,1,1,1,1,1,1,1,1,1,1,1,1,1,1,1,1,1,1,1,2,2,3,3,3,3,3,3,3,1,0,1,1,1,1,1,3,2,2,2,2,2,1,1,1,2,3,4,4,7,6,7,7,5,5,5,5,6,7,6,6,6,5,8,9,9,9,9,9,12,15,17,14,16,18,18,18,19,23,26,27,28,28,31,36,36,32,33,39,40,39,37,43,43,46,47,50
Sarthe,33.813508151470714,39,39,42,34,35,37,38,38,38,39,40,38,37,35,34,34,40,29,28,28,31,33,33,34,29,29,26,26,27,27,31,31,27,27,26,26,26,25,21,21,23,21,21,21,24,23,21,20,19,20,20,27,31,36,36,37,35,35,42,45,49,44,43,45,47,46,48,48,52,54,52,54,56,56,53,54,54,57,64,66,71,70,72,76,73,80,89,96,103,107,110,112,119,137,144,159,162,167,177,174,178,184,186,192,195,184,196,92.3,1,1,4,4,3,3,3,3,3,2,3,2,3,1,1,1,2,2,2,2,2,2,2,1,1,0,0,0,0,0,1,1,2,1,0,0,0,0,1,1,1,1,1,1,3,2,2,1,1,1,1,3,3,4,4,3,2,2,2,1,1,0,0,0,2,2,2,2,5,4,4,3,3,3,2,1,2,3,4,3,4,3,3,6,6,7,9,9,9,10,10,10,10,11,10,15,12,15,16,16,17,22,22,22,22,22,24
Savoie,97.34399610624016,5,5,5,3,3,3,5,5,5,5,4,4,4,4,4,4,4,8,7,6,4,4,4,3,4,5,4,4,4,4,4,6,8,9,8,9,9,11,12,12,12,14,16,16,15,17,22,21,18,17,17,21,21,20,18,19,21,21,21,25,24,22,24,24,23,24,21,21,24,31,39,44,47,44,42,55,64,81,96,101,108,106,114,131,157,160,171,192,223,247,265,265,297,314,334,379,401,405,391,432,448,429,408,426,430,424,432,153.5,0,0,0,0,0,0,0,0,0,0,0,0,0,0,0,0,0,2,2,2,2,2,2,1,1,2,0,1,1,1,1,0,0,1,1,2,2,4,4,4,5,5,6,6,6,6,5,5,5,5,5,6,7,7,7,8,8,8,7,9,7,5,5,5,5,6,5,4,4,4,5,5,4,4,4,5,5,10,9,10,10,10,9,12,15,15,16,16,19,19,17,22,22,20,23,27,31,36,41,43,43,44,41,46,42,44,47
Seine-et-Marne,40.40918879609481,200,199,195,197,192,193,190,193,194,195,190,190,191,188,188,187,185,179,172,166,158,162,163,155,155,154,151,149,144,145,145,144,143,145,145,149,149,153,150,151,155,139,123,121,126,132,133,128,115,115,98,104,115,114,120,128,127,132,137,132,147,146,140,136,140,152,148,163,158,158,156,155,161,172,161,183,187,187,192,199,217,228,244,277,279,290,321,360,389,420,435,422,437,472,515,533,555,548,545,555,560,556,567,573,578,575,574,96.5,29,29,30,29,28,27,24,24,24,24,24,22,22,21,20,20,23,18,18,19,17,16,17,16,16,14,14,15,14,15,15,16,16,19,16,16,16,16,18,18,18,19,17,16,18,19,21,21,21,24,24,27,30,29,30,32,28,26,24,35,38,39,32,32,32,37,37,38,36,35,36,39,41,47,47,53,51,53,52,58,68,69,74,85,83,84,85,94,96,103,107,102,104,112,116,118,112,111,108,114,120,120,124,119,121,118,114
Seine-Maritime,50.64446254544087,42,42,37,31,31,31,31,32,32,31,34,32,31,25,27,27,27,23,24,23,23,25,25,24,24,25,25,27,27,27,27,29,28,27,27,28,28,28,37,42,50,53,54,54,56,70,71,74,78,86,84,90,99,99,95,104,105,110,126,137,132,135,142,130,130,135,130,150,156,161,164,183,199,203,217,219,233,250,256,275,286,300,327,341,358,375,400,425,462,485,520,535,551,577,591,606,617,626,626,633,640,643,642,641,644,611,646,67.1,4,4,2,1,1,1,1,1,1,1,1,1,1,1,1,1,1,1,1,1,1,1,1,1,1,1,1,1,1,1,1,1,1,1,1,1,1,1,2,2,7,8,8,8,8,8,9,10,10,11,12,12,15,16,16,15,15,17,20,21,18,18,21,19,21,22,22,25,25,25,28,30,35,36,34,33,32,33,31,38,42,42,39,43,42,49,52,53,51,60,75,72,65,69,71,74,74,78,79,81,84,85,86,88,85,82,82
Seine-Saint-Denis,53.00181028173775,457,460,468,463,461,460,461,460,461,455,448,445,443,449,448,449,442,442,441,436,429,430,430,421,393,382,381,381,384,381,383,385,381,368,366,368,368,366,370,374,386,396,413,414,417,422,425,406,388,384,349,329,353,358,357,384,387,390,395,393,396,413,419,403,410,435,443,449,447,467,470,484,483,468,474,452,467,484,499,502,510,517,551,558,557,621,628,619,653,684,684,703,724,724,776,825,826,811,830,859,841,842,852,861,850,837,864,96.5,22,22,22,22,22,23,26,27,27,27,27,24,22,22,22,22,23,25,24,24,21,20,20,19,20,22,24,25,26,26,24,25,27,25,26,28,28,28,31,35,38,37,41,42,48,47,55,51,48,42,43,46,43,45,44,48,51,49,52,55,53,56,51,51,52,59,58,58,59,58,58,59,63,75,75,79,77,80,79,82,78,74,78,83,83,88,94,88,90,89,95,92,90,94,98,106,112,114,111,115,119,114,117,122,114,119,119
Somme,33.30677947478299,40,41,41,40,41,40,40,40,40,41,40,41,41,41,41,41,43,43,44,44,45,45,45,42,44,44,44,44,44,44,44,41,42,39,39,40,40,40,39,37,37,36,33,33,32,33,31,33,34,33,33,38,39,41,40,44,45,46,48,54,59,58,59,64,67,72,71,68,69,66,70,69,69,68,67,72,77,81,87,90,91,101,107,111,112,121,126,130,138,146,151,160,164,165,179,183,198,201,203,209,209,204,201,206,207,190,194,116.7,0,0,0,0,1,1,2,2,2,2,2,2,2,2,2,2,3,3,3,3,4,4,4,4,5,5,5,5,5,5,5,3,3,3,3,3,3,3,2,1,1,1,2,2,2,4,4,3,4,3,3,3,4,6,6,5,5,5,5,8,11,11,12,13,13,14,13,14,15,14,16,16,17,16,14,14,15,15,17,21,21,22,17,18,18,18,19,21,22,20,21,23,24,24,26,28,30,36,36,36,37,33,31,31,33,29,28
Tarn,38.90445066915655,3,3,4,4,4,3,3,3,2,2,2,2,2,2,2,2,3,3,6,6,9,9,9,9,12,9,9,8,8,7,7,7,6,6,6,6,6,8,8,9,9,8,8,8,8,8,12,11,14,14,14,13,15,17,20,21,25,26,32,30,35,38,43,39,39,39,40,44,47,46,50,51,54,60,64,66,69,70,73,76,74,75,76,81,77,78,84,103,107,111,114,110,109,125,131,135,134,139,136,133,152,150,143,151,149,150,155,84,1,1,1,1,1,1,1,2,2,2,2,2,2,2,2,2,2,1,1,1,1,1,1,1,1,1,1,1,1,1,1,1,1,1,1,1,1,2,2,1,2,3,3,3,3,3,5,4,4,4,4,3,4,4,5,5,5,6,5,4,6,6,8,7,7,8,9,11,10,9,10,8,8,6,7,12,12,12,12,12,12,13,13,14,14,13,15,18,19,18,18,18,19,21,23,23,21,19,17,18,20,25,23,26,29,27,29
Tarn-et-Garonne,34.83133305569227,5,5,4,4,3,3,3,3,3,3,3,3,3,3,3,3,3,3,3,3,4,4,4,4,4,4,4,4,4,4,4,4,4,5,5,5,5,5,4,5,4,5,5,5,9,9,8,8,9,10,10,14,12,12,15,15,19,19,25,22,21,21,19,21,22,24,21,23,24,27,25,25,28,26,28,31,32,41,55,59,56,67,61,67,67,72,73,74,85,91,90,96,103,104,106,113,109,108,104,110,115,104,96,99,94,91,92,84,0,0,0,0,0,0,0,0,0,0,0,0,0,0,0,0,0,0,0,0,0,0,0,0,0,0,0,0,1,1,1,1,1,1,1,1,1,1,1,1,1,1,1,1,2,2,2,3,3,4,4,4,4,4,4,5,5,5,6,7,7,6,6,7,7,8,7,7,8,8,8,8,8,9,8,9,9,8,10,11,12,15,16,14,15,16,16,18,15,13,15,15,16,18,19,21,21,21,20,21,20,18,16,16,14,13,14
Territoire de Belfort,86.51469376544905,3,3,3,3,4,4,4,4,4,3,3,5,5,5,5,5,4,3,3,2,2,2,2,2,2,2,2,3,3,3,3,3,2,1,3,3,3,1,2,2,5,5,5,5,3,5,5,3,5,5,5,5,3,6,6,6,6,6,6,8,7,7,7,8,8,9,9,8,12,12,11,12,13,16,17,14,17,17,16,17,21,22,21,23,35,36,36,50,58,60,63,59,56,57,57,72,78,102,97,97,127,133,128,145,143,130,126,119.7,0,0,0,0,0,0,0,0,0,0,0,1,1,1,1,1,1,1,1,1,1,1,1,1,1,0,0,0,0,0,0,1,1,1,1,1,1,1,0,0,1,1,1,1,1,2,2,2,2,2,2,2,2,3,4,4,4,4,4,3,2,2,2,3,3,4,3,3,5,4,4,4,4,6,5,4,4,4,4,6,5,7,9,9,10,10,11,13,12,10,11,10,8,8,8,13,14,19,18,15,18,21,23,23,23,22,23
Val-d'Oise,42.928775351781944,248,245,224,230,228,229,229,228,228,225,226,223,224,229,229,227,224,231,229,229,224,225,223,223,222,221,218,219,217,217,216,218,217,214,216,210,210,215,218,218,217,214,218,217,221,232,239,230,230,126,114,105,119,127,118,123,150,150,159,165,166,168,166,159,164,170,186,189,191,194,188,189,198,205,196,203,204,210,221,228,241,254,275,301,292,306,338,370,415,442,446,482,489,491,515,513,535,534,521,532,544,568,556,565,551,545,532,96.5,5,5,4,7,6,5,3,3,3,3,3,3,3,3,5,5,5,7,6,7,6,6,5,7,8,9,9,9,10,10,11,12,11,11,12,13,13,14,13,12,12,13,13,14,14,17,15,14,15,14,14,14,19,23,22,25,24,24,26,28,29,28,28,29,30,31,33,32,33,34,34,33,36,36,35,32,33,34,35,38,38,39,44,45,46,48,47,48,48,45,49,50,55,60,58,57,61,61,58,63,65,68,67,68,68,69,63
Val-de-Marne,69.64750346269062,309,309,303,304,311,319,311,312,312,318,323,322,317,323,323,323,316,313,315,312,310,311,311,307,300,302,298,297,297,298,295,297,301,306,299,298,298,301,302,296,291,303,301,304,310,300,294,314,316,323,274,280,311,307,308,320,321,313,319,327,328,334,355,354,359,357,359,375,396,410,415,423,442,429,392,406,437,451,456,485,518,533,568,600,596,624,671,697,723,748,766,784,792,824,881,889,923,919,940,962,955,959,983,1011,1012,979,973,96.5,13,13,13,12,14,18,16,17,17,17,18,16,16,19,19,19,21,20,19,21,15,15,15,15,18,17,18,20,22,22,20,18,16,17,15,15,15,18,16,12,10,13,14,14,13,15,16,19,19,21,21,25,32,37,38,42,46,40,43,43,41,42,49,55,56,56,60,58,61,58,62,62,61,61,68,69,74,80,82,88,94,89,89,88,93,93,98,102,107,103,108,110,110,111,125,132,139,129,129,133,133,138,133,135,140,142,137
Var,43.22955451246824,51,52,53,54,51,50,49,49,49,52,52,50,51,53,52,52,52,55,58,60,61,59,58,58,53,58,45,46,49,49,49,50,50,52,49,47,48,53,54,62,51,50,55,54,59,59,55,57,58,60,58,61,54,56,54,51,53,54,58,61,61,54,52,56,58,63,61,62,60,61,63,64,63,64,67,77,85,93,94,100,109,121,132,137,156,165,184,199,212,245,257,282,301,331,358,378,378,401,420,435,427,432,457,446,456,456,465,107.6,2,2,2,2,2,2,1,1,1,1,1,1,1,1,1,1,1,1,4,4,4,4,4,4,3,2,3,3,3,3,2,3,3,3,3,3,3,4,4,4,3,3,4,4,7,9,11,11,11,12,11,12,10,11,13,14,15,14,18,16,15,14,13,13,14,15,13,13,17,18,19,18,15,15,15,14,17,18,18,21,22,21,22,20,21,22,29,33,37,39,40,39,43,43,47,54,54,58,57,57,58,62,64,66,63,61,59
Vaucluse,85.1493266895834,7,7,7,7,7,7,7,9,9,11,10,7,5,5,5,5,5,7,8,9,9,9,10,10,10,10,13,16,16,16,17,18,20,24,27,28,28,35,43,39,45,44,43,42,56,54,57,59,59,54,55,59,61,68,70,76,82,80,83,83,85,84,82,84,90,89,87,78,76,76,77,87,102,119,119,118,117,128,141,144,150,160,175,199,214,220,236,268,274,281,299,320,365,385,400,415,435,450,452,486,486,476,471,491,487,476,486,107.6,2,2,2,2,2,2,2,1,1,0,0,0,0,2,2,2,3,3,3,2,3,3,3,4,4,4,5,5,5,5,5,5,4,6,6,6,6,8,8,6,6,5,5,5,8,9,10,12,14,11,10,11,11,11,11,12,12,12,12,12,12,14,12,12,13,13,12,12,12,11,10,12,12,13,11,12,10,11,11,11,10,12,14,16,17,15,15,16,16,15,20,18,21,23,24,33,37,37,39,36,39,38,39,36,37,41,39
Vendée,13.9879300026678,8,8,8,8,9,8,7,7,7,10,9,9,9,8,8,8,9,9,9,10,11,9,9,7,11,10,10,10,10,10,7,6,7,7,6,6,6,7,8,9,9,8,8,8,11,10,9,10,10,11,11,13,12,11,14,16,16,15,17,15,16,18,20,17,17,15,14,15,12,12,12,11,13,16,20,23,25,25,28,29,33,36,41,44,43,47,46,53,54,54,58,56,56,64,63,72,71,84,81,87,93,98,100,101,101,94,97,92.3,0,0,0,0,0,0,0,0,0,2,1,1,1,1,1,1,1,1,1,0,0,0,0,0,0,0,0,0,0,0,0,0,0,0,0,0,0,1,2,2,2,2,2,2,3,1,1,1,1,1,1,2,2,1,0,0,2,2,3,3,2,4,4,5,5,4,4,4,4,3,3,3,4,5,4,5,6,7,8,11,10,9,7,9,8,9,8,5,5,7,7,9,8,10,9,11,14,15,17,16,18,17,17,18,16,15,15
Vienne,34.88762160348876,2,2,2,2,2,1,1,1,1,1,1,1,1,1,1,1,3,3,3,2,2,2,2,2,3,3,3,3,2,2,2,1,0,0,1,1,1,1,4,4,4,4,3,3,6,5,6,9,10,10,10,10,10,9,8,8,7,7,7,9,9,8,8,7,3,3,3,3,2,2,5,7,6,6,8,8,8,7,7,13,18,15,20,20,22,22,36,43,44,50,58,68,80,78,81,84,108,127,133,133,145,148,152,150,161,156,156,62.6,0,0,0,0,0,0,0,0,0,0,0,0,0,0,0,0,0,0,0,0,0,0,0,0,0,0,0,0,0,0,0,0,0,0,0,0,0,0,0,0,0,1,1,1,1,1,1,1,1,1,1,1,1,1,1,1,1,1,1,0,0,1,1,1,0,0,0,1,1,1,1,1,1,1,1,1,1,1,1,2,2,2,3,3,3,3,6,7,8,8,8,8,8,8,8,8,8,10,12,12,20,19,22,22,23,20,20
Vosges,58.577361696738144,9,9,9,9,9,7,6,6,6,7,7,8,8,9,10,10,10,11,11,11,11,12,12,12,13,13,15,15,15,15,15,15,14,14,15,15,15,12,12,13,13,12,12,12,13,12,11,11,11,11,11,6,6,5,5,6,4,4,2,2,2,2,2,2,1,1,2,3,1,3,4,5,8,7,7,7,11,12,12,12,20,25,32,38,42,46,52,61,69,76,84,87,97,110,119,123,141,145,148,151,163,185,195,208,226,220,222,73.5,0,0,0,0,0,0,0,0,0,0,0,0,0,0,0,0,0,0,0,0,0,0,0,0,0,0,0,0,0,0,0,0,0,0,0,0,0,0,0,0,0,0,0,0,0,0,0,0,0,0,0,0,0,0,0,0,0,0,0,0,0,0,0,0,0,0,0,1,0,0,0,1,1,2,2,2,3,4,2,2,3,3,4,5,5,5,5,5,5,6,9,10,13,14,14,12,12,12,14,13,14,15,15,23,20,21,21
Yonne,56.78837250866239,12,12,9,9,10,14,14,13,13,15,15,15,15,16,16,16,17,14,14,13,10,10,10,10,7,6,6,7,7,7,7,5,8,8,7,8,8,8,8,8,9,8,8,8,10,10,8,9,9,9,9,11,14,14,13,14,14,14,14,14,14,15,13,14,18,17,17,15,13,16,19,19,25,22,24,26,28,21,24,27,30,36,43,47,47,48,64,68,85,89,94,104,107,127,124,136,140,147,149,161,173,178,177,190,195,192,197,119.7,3,3,3,3,3,3,3,3,3,2,2,2,2,0,0,0,0,0,0,1,1,1,1,1,1,1,1,1,1,1,1,1,1,1,1,1,1,1,1,1,1,1,1,1,1,1,1,1,1,1,1,1,3,3,3,3,2,2,3,3,4,4,2,2,3,3,3,3,3,5,4,3,4,5,4,6,6,6,6,6,7,7,8,8,9,9,9,9,10,11,13,13,14,16,13,15,15,15,16,18,19,18,20,20,18,16,16
Yvelines,51.87647248188937,283,283,282,281,281,277,280,282,282,285,289,273,271,272,275,275,275,264,261,248,248,243,240,237,238,228,240,238,235,235,231,230,238,228,234,236,236,237,241,236,242,238,239,239,239,229,234,228,234,222,188,176,177,188,200,196,195,194,199,196,196,200,199,204,206,221,237,243,251,255,263,262,266,272,269,290,296,311,311,317,321,354,379,401,405,413,418,442,466,471,511,525,542,551,583,622,647,676,679,696,691,692,711,734,733,758,759,96.5,21,21,21,22,21,22,22,22,22,23,23,20,17,18,19,19,17,17,17,17,14,13,13,13,15,16,14,14,15,15,14,14,14,13,14,14,15,15,14,14,14,15,16,16,16,17,19,20,20,16,17,17,17,21,23,24,23,23,25,27,26,24,24,26,27,27,30,28,26,27,27,25,31,32,35,36,34,37,38,39,42,46,49,53,50,52,55,61,60,60,62,60,61,64,67,73,73,72,69,70,71,79,77,78,77,77,75
NA,NA,9,10,11,12,9,8,8,9,9,7,8,8,9,8,8,8,10,8,7,7,6,6,6,6,8,7,5,7,6,6,8,6,6,5,4,4,5,5,4,3,3,3,3,3,4,4,4,4,4,4,5,6,6,7,7,8,9,8,8,9,9,9,9,10,10,9,10,11,11,9,10,10,11,10,9,9,9,9,10,9,9,9,8,10,11,13,14,13,13,13,14,15,15,17,17,14,12,14,14,13,12,12,12,13,13,13,13,50,1,1,1,2,2,1,1,1,1,1,1,1,1,1,1,1,1,2,2,2,1,1,1,1,2,2,1,1,0,0,1,2,2,2,2,2,2,2,1,1,1,0,0,0,0,0,0,0,0,0,2,2,2,2,2,3,4,4,4,3,3,3,3,3,3,3,3,5,5,4,4,4,3,3,3,3,3,3,3,3,3,3,3,3,3,3,4,4,5,5,6,7,7,6,5,5,4,3,1,2,2,3,4,5,5,5,3
